time,cell_id,factor_id,value
0.0,0,x,-0.0007711648941040039
0.0,0,y,-0.9660824537277222
0.0,0,radius,0.23086899518966675
0.0,0,spring_constant,0.16222846508026123
0.0,1,x,-0.40017104148864746
0.0,1,y,-0.47426915168762207
0.0,1,radius,0.6156436204910278
0.0,1,spring_constant,0.08959412574768066
0.0,2,x,0.9096747636795044
0.0,2,y,-0.9103294610977173
0.0,2,radius,0.36113154888153076
0.0,2,spring_constant,0.32180261611938477
0.10067114233970642,0,x,0.10311049968004227
0.10067114233970642,0,y,-0.9508593678474426
0.10067114233970642,0,radius,0.23086899518966675
0.10067114233970642,0,spring_constant,0.16222846508026123
0.10067114233970642,1,x,-0.352199524641037
0.10067114233970642,1,y,-0.4931265115737915
0.10067114233970642,1,radius,0.6156436204910278
0.10067114233970642,1,spring_constant,0.08959412574768066
0.10067114233970642,2,x,0.9766939282417297
0.10067114233970642,2,y,-0.798065721988678
0.10067114233970642,2,radius,0.36113154888153076
0.10067114233970642,2,spring_constant,0.32180261611938477
0.20134228467941284,0,x,0.20307880640029907
0.20134228467941284,0,y,-0.9243196249008179
0.20134228467941284,0,radius,0.23086899518966675
0.20134228467941284,0,spring_constant,0.16222846508026123
0.20134228467941284,1,x,-0.30373722314834595
0.20134228467941284,1,y,-0.5082530379295349
0.20134228467941284,1,radius,0.6156436204910278
0.20134228467941284,1,spring_constant,0.08959412574768066
0.20134228467941284,2,x,1.0309869050979614
0.20134228467941284,2,y,-0.6819955110549927
0.20134228467941284,2,radius,0.36113154888153076
0.20134228467941284,2,spring_constant,0.32180261611938477
0.30201342701911926,0,x,0.2980501651763916
0.30201342701911926,0,y,-0.8872789144515991
0.30201342701911926,0,radius,0.23086899518966675
0.30201342701911926,0,spring_constant,0.16222846508026123
0.30201342701911926,1,x,-0.25509729981422424
0.30201342701911926,1,y,-0.5195450186729431
0.30201342701911926,1,radius,0.6156436204910278
0.30201342701911926,1,spring_constant,0.08959412574768066
0.30201342701911926,2,x,1.0724937915802002
0.30201342701911926,2,y,-0.5634663105010986
0.30201342701911926,2,radius,0.36113154888153076
0.30201342701911926,2,spring_constant,0.32180261611938477
0.4026845693588257,0,x,0.3870558738708496
0.4026845693588257,0,y,-0.8406028747558594
0.4026845693588257,0,radius,0.23086899518966675
0.4026845693588257,0,spring_constant,0.16222846508026123
0.4026845693588257,1,x,-0.20660322904586792
0.4026845693588257,1,y,-0.5269667506217957
0.4026845693588257,1,radius,0.6156436204910278
0.4026845693588257,1,spring_constant,0.08959412574768066
0.4026845693588257,2,x,1.1012955904006958
0.4026845693588257,2,y,-0.4438008666038513
0.4026845693588257,2,radius,0.36113154888153076
0.4026845693588257,2,spring_constant,0.32180261611938477
0.5033557415008545,0,x,0.46924176812171936
0.5033557415008545,0,y,-0.7852124571800232
0.5033557415008545,0,radius,0.23086899518966675
0.5033557415008545,0,spring_constant,0.16222846508026123
0.5033557415008545,1,x,-0.15857861936092377
0.5033557415008545,1,y,-0.5305372476577759
0.5033557415008545,1,radius,0.6156436204910278
0.5033557415008545,1,spring_constant,0.08959412574768066
0.5033557415008545,2,x,1.117592692375183
0.5033557415008545,2,y,-0.32427722215652466
0.5033557415008545,2,radius,0.36113154888153076
0.5033557415008545,2,spring_constant,0.32180261611938477
0.6040268540382385,0,x,0.5438670516014099
0.6040268540382385,0,y,-0.7220687866210938
0.6040268540382385,0,radius,0.23086899518966675
0.6040268540382385,0,spring_constant,0.16222846508026123
0.6040268540382385,1,x,-0.11133960634469986
0.6040268540382385,1,y,-0.5303239226341248
0.6040268540382385,1,radius,0.6156436204910278
0.6040268540382385,1,spring_constant,0.08959412574768066
0.6040268540382385,2,x,1.121708631515503
0.6040268540382385,2,y,-0.20612412691116333
0.6040268540382385,2,radius,0.36113154888153076
0.6040268540382385,2,spring_constant,0.32180261611938477
0.7046979665756226,0,x,0.6103082299232483
0.7046979665756226,0,y,-0.6521720886230469
0.7046979665756226,0,radius,0.23086899518966675
0.7046979665756226,0,spring_constant,0.16222846508026123
0.7046979665756226,1,x,-0.06518974155187607
0.7046979665756226,1,y,-0.5264408588409424
0.7046979665756226,1,radius,0.6156436204910278
0.7046979665756226,1,spring_constant,0.08959412574768066
0.7046979665756226,2,x,1.114088773727417
0.7046979665756226,2,y,-0.09050610661506653
0.7046979665756226,2,radius,0.36113154888153076
0.7046979665756226,2,spring_constant,0.32180261611938477
0.8053691387176514,0,x,0.6680518388748169
0.8053691387176514,0,y,-0.5765495300292969
0.8053691387176514,0,radius,0.23086899518966675
0.8053691387176514,0,spring_constant,0.16222846508026123
0.8053691387176514,1,x,-0.020413709804415703
0.8053691387176514,1,y,-0.5190293192863464
0.8053691387176514,1,radius,0.6156436204910278
0.8053691387176514,1,spring_constant,0.08959412574768066
0.8053691387176514,2,x,1.0952683687210083
0.8053691387176514,2,y,0.021482335403561592
0.8053691387176514,2,radius,0.36113154888153076
0.8053691387176514,2,spring_constant,0.32180261611938477
0.9060403108596802,0,x,0.716702938079834
0.9060403108596802,0,y,-0.49624720215797424
0.9060403108596802,0,radius,0.23086899518966675
0.9060403108596802,0,spring_constant,0.16222846508026123
0.9060403108596802,1,x,0.02272477187216282
0.9060403108596802,1,y,-0.5082658529281616
0.9060403108596802,1,radius,0.6156436204910278
0.9060403108596802,1,spring_constant,0.08959412574768066
0.9060403108596802,2,x,1.0658857822418213
0.9060403108596802,2,y,0.12882915139198303
0.9060403108596802,2,radius,0.36113154888153076
0.9060403108596802,2,spring_constant,0.32180261611938477
1.006711483001709,0,x,0.7559765577316284
1.006711483001709,0,y,-0.4123227298259735
1.006711483001709,0,radius,0.23086899518966675
1.006711483001709,0,spring_constant,0.16222846508026123
1.006711483001709,1,x,0.06398551166057587
1.006711483001709,1,y,-0.4943506717681885
1.006711483001709,1,radius,0.6156436204910278
1.006711483001709,1,spring_constant,0.08959412574768066
1.006711483001709,2,x,1.026660680770874
1.006711483001709,2,y,0.2306094914674759
1.006711483001709,2,radius,0.36113154888153076
1.006711483001709,2,spring_constant,0.32180261611938477
1.1073825359344482,0,x,0.7857003211975098
1.1073825359344482,0,y,-0.3258335590362549
1.1073825359344482,0,radius,0.23086899518966675
1.1073825359344482,0,spring_constant,0.16222846508026123
1.1073825359344482,1,x,0.10315404087305069
1.1073825359344482,1,y,-0.4775037467479706
1.1073825359344482,1,radius,0.6156436204910278
1.1073825359344482,1,spring_constant,0.08959412574768066
1.1073825359344482,2,x,0.9783874154090881
1.1073825359344482,2,y,0.32599225640296936
1.1073825359344482,2,radius,0.36113154888153076
1.1073825359344482,2,spring_constant,0.32180261611938477
1.208053708076477,0,x,0.8058105111122131
1.208053708076477,0,y,-0.23782694339752197
1.208053708076477,0,radius,0.23086899518966675
1.208053708076477,0,spring_constant,0.16222846508026123
1.208053708076477,1,x,0.1400427222251892
1.208053708076477,1,y,-0.45796093344688416
1.208053708076477,1,radius,0.6156436204910278
1.208053708076477,1,spring_constant,0.08959412574768066
1.208053708076477,2,x,0.9219207763671875
1.208053708076477,2,y,0.4142458140850067
1.208053708076477,2,radius,0.36113154888153076
1.208053708076477,2,spring_constant,0.32180261611938477
1.3087248802185059,0,x,0.8163483142852783
1.3087248802185059,0,y,-0.14933188259601593
1.3087248802185059,0,radius,0.23086899518966675
1.3087248802185059,0,spring_constant,0.16222846508026123
1.3087248802185059,1,x,0.1744910478591919
1.3087248802185059,1,y,-0.43597033619880676
1.3087248802185059,1,radius,0.6156436204910278
1.3087248802185059,1,spring_constant,0.08959412574768066
1.3087248802185059,2,x,0.8581664562225342
1.3087248802185059,2,y,0.49474096298217773
1.3087248802185059,2,radius,0.36113154888153076
1.3087248802185059,2,spring_constant,0.32180261611938477
1.4093959331512451,0,x,0.8174586892127991
1.4093959331512451,0,y,-0.06134979799389839
1.4093959331512451,0,radius,0.23086899518966675
1.4093959331512451,0,spring_constant,0.16222846508026123
1.4093959331512451,1,x,0.20636500418186188
1.4093959331512451,1,y,-0.4117847681045532
1.4093959331512451,1,radius,0.6156436204910278
1.4093959331512451,1,spring_constant,0.08959412574768066
1.4093959331512451,2,x,0.788072407245636
1.4093959331512451,2,y,0.5669511556625366
1.4093959331512451,2,radius,0.36113154888153076
1.4093959331512451,2,spring_constant,0.32180261611938477
1.510067105293274,0,x,0.8093801736831665
1.510067105293274,0,y,0.025155222043395042
1.510067105293274,0,radius,0.23086899518966675
1.510067105293274,0,spring_constant,0.16222846508026123
1.510067105293274,1,x,0.23555825650691986
1.510067105293274,1,y,-0.38566693663597107
1.510067105293274,1,radius,0.6156436204910278
1.510067105293274,1,spring_constant,0.08959412574768066
1.510067105293274,2,x,0.7126097679138184
1.510067105293274,2,y,0.6304607391357422
1.510067105293274,2,radius,0.36113154888153076
1.510067105293274,2,spring_constant,0.32180261611938477
1.6107382774353027,0,x,0.7924445867538452
1.6107382774353027,0,y,0.10926345735788345
1.6107382774353027,0,radius,0.23086899518966675
1.6107382774353027,0,spring_constant,0.16222846508026123
1.6107382774353027,1,x,0.26198989152908325
1.6107382774353027,1,y,-0.3578759729862213
1.6107382774353027,1,radius,0.6156436204910278
1.6107382774353027,1,spring_constant,0.08959412574768066
1.6107382774353027,2,x,0.6327700614929199
1.6107382774353027,2,y,0.6849559545516968
1.6107382774353027,2,radius,0.36113154888153076
1.6107382774353027,2,spring_constant,0.32180261611938477
1.7114094495773315,0,x,0.7671762704849243
1.7114094495773315,0,y,0.1898420751094818
1.7114094495773315,0,radius,0.23086899518966675
1.7114094495773315,0,spring_constant,0.16222846508026123
1.7114094495773315,1,x,0.28560179471969604
1.7114094495773315,1,y,-0.32867199182510376
1.7114094495773315,1,radius,0.6156436204910278
1.7114094495773315,1,spring_constant,0.08959412574768066
1.7114094495773315,2,x,0.5494433641433716
1.7114094495773315,2,y,0.7304972410202026
1.7114094495773315,2,radius,0.36113154888153076
1.7114094495773315,2,spring_constant,0.32180261611938477
1.8120806217193604,0,x,0.734584391117096
1.8120806217193604,0,y,0.26536425948143005
1.8120806217193604,0,radius,0.23086899518966675
1.8120806217193604,0,spring_constant,0.16222846508026123
1.8120806217193604,1,x,0.3063439428806305
1.8120806217193604,1,y,-0.29832345247268677
1.8120806217193604,1,radius,0.6156436204910278
1.8120806217193604,1,spring_constant,0.08959412574768066
1.8120806217193604,2,x,0.46312886476516724
1.8120806217193604,2,y,0.7677116990089417
1.8120806217193604,2,radius,0.36113154888153076
1.8120806217193604,2,spring_constant,0.32180261611938477
1.9127516746520996,0,x,0.6954911351203918
1.9127516746520996,0,y,0.3354291617870331
1.9127516746520996,0,radius,0.23086899518966675
1.9127516746520996,0,spring_constant,0.16222846508026123
1.9127516746520996,1,x,0.32418712973594666
1.9127516746520996,1,y,-0.2670997679233551
1.9127516746520996,1,radius,0.6156436204910278
1.9127516746520996,1,spring_constant,0.08959412574768066
1.9127516746520996,2,x,0.37456366419792175
1.9127516746520996,2,y,0.7962780594825745
1.9127516746520996,2,radius,0.36113154888153076
1.9127516746520996,2,spring_constant,0.32180261611938477
2.013422966003418,0,x,0.6506293416023254
2.013422966003418,0,y,0.3997909724712372
2.013422966003418,0,radius,0.23086899518966675
2.013422966003418,0,spring_constant,0.16222846508026123
2.013422966003418,1,x,0.3391369581222534
2.013422966003418,1,y,-0.23526139557361603
2.013422966003418,1,radius,0.6156436204910278
2.013422966003418,1,spring_constant,0.08959412574768066
2.013422966003418,2,x,0.28460389375686646
2.013422966003418,2,y,0.8158837556838989
2.013422966003418,2,radius,0.36113154888153076
2.013422966003418,2,spring_constant,0.32180261611938477
2.1140940189361572,0,x,0.6006770133972168
2.1140940189361572,0,y,0.45824387669563293
2.1140940189361572,0,radius,0.23086899518966675
2.1140940189361572,0,spring_constant,0.16222846508026123
2.1140940189361572,1,x,0.3512272238731384
2.1140940189361572,1,y,-0.20305655896663666
2.1140940189361572,1,radius,0.6156436204910278
2.1140940189361572,1,spring_constant,0.08959412574768066
2.1140940189361572,2,x,0.1941719800233841
2.1140940189361572,2,y,0.8263410925865173
2.1140940189361572,2,radius,0.36113154888153076
2.1140940189361572,2,spring_constant,0.32180261611938477
2.2147650718688965,0,x,0.5462725162506104
2.2147650718688965,0,y,0.5106104016304016
2.2147650718688965,0,radius,0.23086899518966675
2.2147650718688965,0,spring_constant,0.16222846508026123
2.2147650718688965,1,x,0.360515296459198
2.2147650718688965,1,y,-0.17071692645549774
2.2147650718688965,1,radius,0.6156436204910278
2.2147650718688965,1,spring_constant,0.08959412574768066
2.2147650718688965,2,x,0.10422869026660919
2.2147650718688965,2,y,0.8275963664054871
2.2147650718688965,2,radius,0.36113154888153076
2.2147650718688965,2,spring_constant,0.32180261611938477
2.315436363220215,0,x,0.48802700638771057
2.315436363220215,0,y,0.5567348003387451
2.315436363220215,0,radius,0.23086899518966675
2.315436363220215,0,spring_constant,0.16222846508026123
2.315436363220215,1,x,0.36707696318626404
2.315436363220215,1,y,-0.13845722377300262
2.315436363220215,1,radius,0.6156436204910278
2.315436363220215,1,spring_constant,0.08959412574768066
2.315436363220215,2,x,0.01574775204062462
2.315436363220215,2,y,0.8197306394577026
2.315436363220215,2,radius,0.36113154888153076
2.315436363220215,2,spring_constant,0.32180261611938477
2.416107416152954,0,x,0.4265361428260803
2.416107416152954,0,y,0.596481442451477
2.416107416152954,0,radius,0.23086899518966675
2.416107416152954,0,spring_constant,0.16222846508026123
2.416107416152954,1,x,0.371002197265625
2.416107416152954,1,y,-0.10647526383399963
2.416107416152954,1,radius,0.6156436204910278
2.416107416152954,1,spring_constant,0.08959412574768066
2.416107416152954,2,x,-0.07030761986970901
2.416107416152954,2,y,0.8029588460922241
2.416107416152954,2,radius,0.36113154888153076
2.416107416152954,2,spring_constant,0.32180261611938477
2.5167784690856934,0,x,0.3623872399330139
2.5167784690856934,0,y,0.6297373175621033
2.5167784690856934,0,radius,0.23086899518966675
2.5167784690856934,0,spring_constant,0.16222846508026123
2.5167784690856934,1,x,0.3723919987678528
2.5167784690856934,1,y,-0.07495175302028656
2.5167784690856934,1,radius,0.6156436204910278
2.5167784690856934,1,spring_constant,0.08959412574768066
2.5167784690856934,2,x,-0.1530071645975113
2.5167784690856934,2,y,0.7776217460632324
2.5167784690856934,2,radius,0.36113154888153076
2.5167784690856934,2,spring_constant,0.32180261611938477
2.6174497604370117,0,x,0.2961650490760803
2.6174497604370117,0,y,0.6564148664474487
2.6174497604370117,0,radius,0.23086899518966675
2.6174497604370117,0,spring_constant,0.16222846508026123
2.6174497604370117,1,x,0.3713552951812744
2.6174497604370117,1,y,-0.04405146837234497
2.6174497604370117,1,radius,0.6156436204910278
2.6174497604370117,1,spring_constant,0.08959412574768066
2.6174497604370117,2,x,-0.23147103190422058
2.6174497604370117,2,y,0.7441768646240234
2.6174497604370117,2,radius,0.36113154888153076
2.6174497604370117,2,spring_constant,0.32180261611938477
2.718120813369751,0,x,0.22845518589019775
2.718120813369751,0,y,0.6764565110206604
2.718120813369751,0,radius,0.23086899518966675
2.718120813369751,0,spring_constant,0.16222846508026123
2.718120813369751,1,x,0.36800703406333923
2.718120813369751,1,y,-0.013924380764365196
2.718120813369751,1,radius,0.6156436204910278
2.718120813369751,1,spring_constant,0.08959412574768066
2.718120813369751,2,x,-0.3048846125602722
2.718120813369751,2,y,0.7031870484352112
2.718120813369751,2,radius,0.36113154888153076
2.718120813369751,2,spring_constant,0.32180261611938477
2.8187918663024902,0,x,0.15984399616718292
2.8187918663024902,0,y,0.6898390054702759
2.8187918663024902,0,radius,0.23086899518966675
2.8187918663024902,0,spring_constant,0.16222846508026123
2.8187918663024902,1,x,0.36246925592422485
2.8187918663024902,1,y,0.015290833078324795
2.8187918663024902,1,radius,0.6156436204910278
2.8187918663024902,1,spring_constant,0.08959412574768066
2.8187918663024902,2,x,-0.37251508235931396
2.8187918663024902,2,y,0.6553092002868652
2.8187918663024902,2,radius,0.36113154888153076
2.8187918663024902,2,spring_constant,0.32180261611938477
2.9194631576538086,0,x,0.09091563522815704
2.9194631576538086,0,y,0.6965737342834473
2.9194631576538086,0,radius,0.23086899518966675
2.9194631576538086,0,spring_constant,0.16222846508026123
2.9194631576538086,1,x,0.35495704412460327
2.9194631576538086,1,y,0.04340933635830879
2.9194631576538086,1,radius,0.6156436204910278
2.9194631576538086,1,spring_constant,0.08959412574768066
2.9194631576538086,2,x,-0.43380412459373474
2.9194631576538086,2,y,0.6013427972793579
2.9194631576538086,2,radius,0.36113154888153076
2.9194631576538086,2,spring_constant,0.32180261611938477
3.020134210586548,0,x,0.022250300273299217
3.020134210586548,0,y,0.6967055797576904
3.020134210586548,0,radius,0.23086899518966675
3.020134210586548,0,spring_constant,0.16222846508026123
3.020134210586548,1,x,0.34564244747161865
3.020134210586548,1,y,0.07033764570951462
3.020134210586548,1,radius,0.6156436204910278
3.020134210586548,1,spring_constant,0.08959412574768066
3.020134210586548,2,x,-0.48824232816696167
3.020134210586548,2,y,0.5420790314674377
3.020134210586548,2,radius,0.36113154888153076
3.020134210586548,2,spring_constant,0.32180261611938477
3.120805501937866,0,x,-0.045570600777864456
3.120805501937866,0,y,0.690322995185852
3.120805501937866,0,radius,0.23086899518966675
3.120805501937866,0,spring_constant,0.16222846508026123
3.120805501937866,1,x,0.3346572518348694
3.120805501937866,1,y,0.09602662175893784
3.120805501937866,1,radius,0.6156436204910278
3.120805501937866,1,spring_constant,0.08959412574768066
3.120805501937866,2,x,-0.5353862047195435
3.120805501937866,2,y,0.47832778096199036
3.120805501937866,2,radius,0.36113154888153076
3.120805501937866,2,spring_constant,0.32180261611938477
3.2214765548706055,0,x,-0.11196764558553696
3.2214765548706055,0,y,0.6775621175765991
3.2214765548706055,0,radius,0.23086899518966675
3.2214765548706055,0,spring_constant,0.16222846508026123
3.2214765548706055,1,x,0.3221234381198883
3.2214765548706055,1,y,0.12043484300374985
3.2214765548706055,1,radius,0.6156436204910278
3.2214765548706055,1,spring_constant,0.08959412574768066
3.2214765548706055,2,x,-0.5748917460441589
3.2214765548706055,2,y,0.4109364449977875
3.2214765548706055,2,radius,0.36113154888153076
3.2214765548706055,2,spring_constant,0.32180261611938477
3.3221476078033447,0,x,-0.176370307803154
3.3221476078033447,0,y,0.6586097478866577
3.3221476078033447,0,radius,0.23086899518966675
3.3221476078033447,0,spring_constant,0.16222846508026123
3.3221476078033447,1,x,0.3081543743610382
3.3221476078033447,1,y,0.1435268074274063
3.3221476078033447,1,radius,0.6156436204910278
3.3221476078033447,1,spring_constant,0.08959412574768066
3.3221476078033447,2,x,-0.6065170764923096
3.3221476078033447,2,y,0.34077465534210205
3.3221476078033447,2,radius,0.36113154888153076
3.3221476078033447,2,spring_constant,0.32180261611938477
3.422818899154663,0,x,-0.23822245001792908
3.422818899154663,0,y,0.6337043642997742
3.422818899154663,0,radius,0.23086899518966675
3.422818899154663,0,spring_constant,0.16222846508026123
3.422818899154663,1,x,0.292854905128479
3.422818899154663,1,y,0.16527126729488373
3.422818899154663,1,radius,0.6156436204910278
3.422818899154663,1,spring_constant,0.08959412574768066
3.422818899154663,2,x,-0.6301214098930359
3.422818899154663,2,y,0.26872244477272034
3.422818899154663,2,radius,0.36113154888153076
3.422818899154663,2,spring_constant,0.32180261611938477
3.5234899520874023,0,x,-0.29698842763900757
3.5234899520874023,0,y,0.6031361818313599
3.5234899520874023,0,radius,0.23086899518966675
3.5234899520874023,0,spring_constant,0.16222846508026123
3.5234899520874023,1,x,0.27632278203964233
3.5234899520874023,1,y,0.18563944101333618
3.5234899520874023,1,radius,0.6156436204910278
3.5234899520874023,1,spring_constant,0.08959412574768066
3.5234899520874023,2,x,-0.6456624269485474
3.5234899520874023,2,y,0.19565770030021667
3.5234899520874023,2,radius,0.36113154888153076
3.5234899520874023,2,spring_constant,0.32180261611938477
3.6241612434387207,0,x,-0.35216084122657776
3.6241612434387207,0,y,0.5672454833984375
3.6241612434387207,0,radius,0.23086899518966675
3.6241612434387207,0,spring_constant,0.16222846508026123
3.6241612434387207,1,x,0.25864872336387634
3.6241612434387207,1,y,0.20460425317287445
3.6241612434387207,1,radius,0.6156436204910278
3.6241612434387207,1,spring_constant,0.08959412574768066
3.6241612434387207,2,x,-0.6531941294670105
3.6241612434387207,2,y,0.12244419008493423
3.6241612434387207,2,radius,0.36113154888153076
3.6241612434387207,2,spring_constant,0.32180261611938477
3.72483229637146,0,x,-0.4032629132270813
3.72483229637146,0,y,0.5264214873313904
3.72483229637146,0,radius,0.23086899518966675
3.72483229637146,0,spring_constant,0.16222846508026123
3.72483229637146,1,x,0.23992013931274414
3.72483229637146,1,y,0.22213831543922424
3.72483229637146,1,radius,0.6156436204910278
3.72483229637146,1,spring_constant,0.08959412574768066
3.72483229637146,2,x,-0.652858555316925
3.72483229637146,2,y,0.04992261528968811
3.72483229637146,2,radius,0.36113154888153076
3.72483229637146,2,spring_constant,0.32180261611938477
3.825503349304199,0,x,-0.44985905289649963
3.825503349304199,0,y,0.48109495639801025
3.825503349304199,0,radius,0.23086899518966675
3.825503349304199,0,spring_constant,0.16222846508026123
3.825503349304199,1,x,0.22021660208702087
3.825503349304199,1,y,0.2382144182920456
3.825503349304199,1,radius,0.6156436204910278
3.825503349304199,1,spring_constant,0.08959412574768066
3.825503349304199,2,x,-0.6448882818222046
3.825503349304199,2,y,-0.02110002376139164
3.825503349304199,2,radius,0.36113154888153076
3.825503349304199,2,spring_constant,0.32180261611938477
3.9261746406555176,0,x,-0.491557240486145
3.9261746406555176,0,y,0.4317423105239868
3.9261746406555176,0,radius,0.23086899518966675
3.9261746406555176,0,spring_constant,0.16222846508026123
3.9261746406555176,1,x,0.19961778819561005
3.9261746406555176,1,y,0.25280365347862244
3.9261746406555176,1,radius,0.6156436204910278
3.9261746406555176,1,spring_constant,0.08959412574768066
3.9261746406555176,2,x,-0.6295920610427856
3.9261746406555176,2,y,-0.08985814452171326
3.9261746406555176,2,radius,0.36113154888153076
3.9261746406555176,2,spring_constant,0.32180261611938477
4.026845932006836,0,x,-0.5280125141143799
4.026845932006836,0,y,0.3788730502128601
4.026845932006836,0,radius,0.23086899518966675
4.026845932006836,0,spring_constant,0.16222846508026123
4.026845932006836,1,x,0.17820018529891968
4.026845932006836,1,y,0.2658753991127014
4.026845932006836,1,radius,0.6156436204910278
4.026845932006836,1,spring_constant,0.08959412574768066
4.026845932006836,2,x,-0.607353150844574
4.026845932006836,2,y,-0.15563449263572693
4.026845932006836,2,radius,0.36113154888153076
4.026845932006836,2,spring_constant,0.32180261611938477
4.127516746520996,0,x,-0.5589328408241272
4.127516746520996,0,y,0.3230285346508026
4.127516746520996,0,radius,0.23086899518966675
4.127516746520996,0,spring_constant,0.16222846508026123
4.127516746520996,1,x,0.15604016184806824
4.127516746520996,1,y,0.27739715576171875
4.127516746520996,1,radius,0.6156436204910278
4.127516746520996,1,spring_constant,0.08959412574768066
4.127516746520996,2,x,-0.5786207318305969
4.127516746520996,2,y,-0.217766672372818
4.127516746520996,2,radius,0.36113154888153076
4.127516746520996,2,spring_constant,0.32180261611938477
4.2281880378723145,0,x,-0.5840815305709839
4.2281880378723145,0,y,0.26477473974227905
4.2281880378723145,0,radius,0.23086899518966675
4.2281880378723145,0,spring_constant,0.16222846508026123
4.2281880378723145,1,x,0.13321444392204285
4.2281880378723145,1,y,0.2873344123363495
4.2281880378723145,1,radius,0.6156436204910278
4.2281880378723145,1,spring_constant,0.08959412574768066
4.2281880378723145,2,x,-0.5439026355743408
4.2281880378723145,2,y,-0.275653600692749
4.2281880378723145,2,radius,0.36113154888153076
4.2281880378723145,2,spring_constant,0.32180261611938477
4.328859329223633,0,x,-0.6032804250717163
4.328859329223633,0,y,0.20469801127910614
4.328859329223633,0,radius,0.23086899518966675
4.328859329223633,0,spring_constant,0.16222846508026123
4.328859329223633,1,x,0.10980211198329926
4.328859329223633,1,y,0.29565170407295227
4.328859329223633,1,radius,0.6156436204910278
4.328859329223633,1,spring_constant,0.08959412574768066
4.328859329223633,2,x,-0.5037568211555481
4.328859329223633,2,y,-0.3287582993507385
4.328859329223633,2,radius,0.36113154888153076
4.328859329223633,2,spring_constant,0.32180261611938477
4.429530143737793,0,x,-0.6164072751998901
4.429530143737793,0,y,0.14339636266231537
4.429530143737793,0,radius,0.23086899518966675
4.429530143737793,0,spring_constant,0.16222846508026123
4.429530143737793,1,x,0.08588524907827377
4.429530143737793,1,y,0.30230802297592163
4.429530143737793,1,radius,0.6156436204910278
4.429530143737793,1,spring_constant,0.08959412574768066
4.429530143737793,2,x,-0.45878925919532776
4.429530143737793,2,y,-0.3766118586063385
4.429530143737793,2,radius,0.36113154888153076
4.429530143737793,2,spring_constant,0.32180261611938477
4.530201435089111,0,x,-0.6234038472175598
4.530201435089111,0,y,0.08147689700126648
4.530201435089111,0,radius,0.23086899518966675
4.530201435089111,0,spring_constant,0.16222846508026123
4.530201435089111,1,x,0.06155024468898773
4.530201435089111,1,y,0.3072686791419983
4.530201435089111,1,radius,0.6156436204910278
4.530201435089111,1,spring_constant,0.08959412574768066
4.530201435089111,2,x,-0.4096333384513855
4.530201435089111,2,y,-0.4188176989555359
4.530201435089111,2,radius,0.36113154888153076
4.530201435089111,2,spring_constant,0.32180261611938477
4.63087272644043,0,x,-0.624272882938385
4.63087272644043,0,y,0.019544823095202446
4.63087272644043,0,radius,0.23086899518966675
4.63087272644043,0,spring_constant,0.16222846508026123
4.63087272644043,1,x,0.03688874468207359
4.63087272644043,1,y,0.31049323081970215
4.63087272644043,1,radius,0.6156436204910278
4.63087272644043,1,spring_constant,0.08959412574768066
4.63087272644043,2,x,-0.3569554090499878
4.63087272644043,2,y,-0.4550507962703705
4.63087272644043,2,radius,0.36113154888153076
4.63087272644043,2,spring_constant,0.32180261611938477
4.73154354095459,0,x,-0.6190750002861023
4.73154354095459,0,y,-0.04179832711815834
4.73154354095459,0,radius,0.23086899518966675
4.73154354095459,0,spring_constant,0.16222846508026123
4.73154354095459,1,x,0.011998560279607773
4.73154354095459,1,y,0.3119434416294098
4.73154354095459,1,radius,0.6156436204910278
4.73154354095459,1,spring_constant,0.08959412574768066
4.73154354095459,2,x,-0.30144059658050537
4.73154354095459,2,y,-0.4850616157054901
4.73154354095459,2,radius,0.36113154888153076
4.73154354095459,2,spring_constant,0.32180261611938477
4.832214832305908,0,x,-0.6079307794570923
4.832214832305908,0,y,-0.10196444392204285
4.832214832305908,0,radius,0.23086899518966675
4.832214832305908,0,spring_constant,0.16222846508026123
4.832214832305908,1,x,-0.013015828095376492
4.832214832305908,1,y,0.3115847706794739
4.832214832305908,1,radius,0.6156436204910278
4.832214832305908,1,spring_constant,0.08959412574768066
4.832214832305908,2,x,-0.2437848597764969
4.832214832305908,2,y,-0.5086729526519775
4.832214832305908,2,radius,0.36113154888153076
4.832214832305908,2,spring_constant,0.32180261611938477
4.932886123657227,0,x,-0.5910167098045349
4.932886123657227,0,y,-0.16038204729557037
4.932886123657227,0,radius,0.23086899518966675
4.932886123657227,0,spring_constant,0.16222846508026123
4.932886123657227,1,x,-0.03804238885641098
4.932886123657227,1,y,0.3093838393688202
4.932886123657227,1,radius,0.6156436204910278
4.932886123657227,1,spring_constant,0.08959412574768066
4.932886123657227,2,x,-0.18468809127807617
4.932886123657227,2,y,-0.5257843136787415
4.932886123657227,2,radius,0.36113154888153076
4.932886123657227,2,spring_constant,0.32180261611938477
5.033556938171387,0,x,-0.568565309047699
5.033556938171387,0,y,-0.2165035903453827
5.033556938171387,0,radius,0.23086899518966675
5.033556938171387,0,spring_constant,0.16222846508026123
5.033556938171387,1,x,-0.06296151876449585
5.033556938171387,1,y,0.3053131401538849
5.033556938171387,1,radius,0.6156436204910278
5.033556938171387,1,spring_constant,0.08959412574768066
5.033556938171387,2,x,-0.12484932690858841
5.033556938171387,2,y,-0.5363645553588867
5.033556938171387,2,radius,0.36113154888153076
5.033556938171387,2,spring_constant,0.32180261611938477
5.134228229522705,0,x,-0.5408622622489929
5.134228229522705,0,y,-0.2698100209236145
5.134228229522705,0,radius,0.23086899518966675
5.134228229522705,0,spring_constant,0.16222846508026123
5.134228229522705,1,x,-0.08764610439538956
5.134228229522705,1,y,0.2993517518043518
5.134228229522705,1,radius,0.6156436204910278
5.134228229522705,1,spring_constant,0.08959412574768066
5.134228229522705,2,x,-0.06495469063520432
5.134228229522705,2,y,-0.5404558777809143
5.134228229522705,2,radius,0.36113154888153076
5.134228229522705,2,spring_constant,0.32180261611938477
5.234899520874023,0,x,-0.5082393884658813
5.234899520874023,0,y,-0.3198156952857971
5.234899520874023,0,radius,0.23086899518966675
5.234899520874023,0,spring_constant,0.16222846508026123
5.234899520874023,1,x,-0.11196130514144897
5.234899520874023,1,y,0.2914845049381256
5.234899520874023,1,radius,0.6156436204910278
5.234899520874023,1,spring_constant,0.08959412574768066
5.234899520874023,2,x,-0.005675049964338541
5.234899520874023,2,y,-0.5381683111190796
5.234899520874023,2,radius,0.36113154888153076
5.234899520874023,2,spring_constant,0.32180261611938477
5.335570335388184,0,x,-0.47107258439064026
5.335570335388184,0,y,-0.3660723567008972
5.335570335388184,0,radius,0.23086899518966675
5.335570335388184,0,spring_constant,0.16222846508026123
5.335570335388184,1,x,-0.13576528429985046
5.335570335388184,1,y,0.2817080616950989
5.335570335388184,1,radius,0.6156436204910278
5.335570335388184,1,spring_constant,0.08959412574768066
5.335570335388184,2,x,0.05234232172369957
5.335570335388184,2,y,-0.529678225517273
5.335570335388184,2,radius,0.36113154888153076
5.335570335388184,2,spring_constant,0.32180261611938477
5.436241626739502,0,x,-0.4297798275947571
5.436241626739502,0,y,-0.4081771969795227
5.436241626739502,0,radius,0.23086899518966675
5.436241626739502,0,spring_constant,0.16222846508026123
5.436241626739502,1,x,-0.15890949964523315
5.436241626739502,1,y,0.270026296377182
5.436241626739502,1,radius,0.6156436204910278
5.436241626739502,1,spring_constant,0.08959412574768066
5.436241626739502,2,x,0.10848008841276169
5.436241626739502,2,y,-0.5152228474617004
5.436241626739502,2,radius,0.36113154888153076
5.436241626739502,2,spring_constant,0.32180261611938477
5.53691291809082,0,x,-0.3848131000995636
5.53691291809082,0,y,-0.44576796889305115
5.53691291809082,0,radius,0.23086899518966675
5.53691291809082,0,spring_constant,0.16222846508026123
5.53691291809082,1,x,-0.18124015629291534
5.53691291809082,1,y,0.2564583122730255
5.53691291809082,1,radius,0.6156436204910278
5.53691291809082,1,spring_constant,0.08959412574768066
5.53691291809082,2,x,0.1621548980474472
5.53691291809082,2,y,-0.49509796500205994
5.53691291809082,2,radius,0.36113154888153076
5.53691291809082,2,spring_constant,0.32180261611938477
5.6375837326049805,0,x,-0.3366550803184509
5.6375837326049805,0,y,-0.4785347580909729
5.6375837326049805,0,radius,0.23086899518966675
5.6375837326049805,0,spring_constant,0.16222846508026123
5.6375837326049805,1,x,-0.20259851217269897
5.6375837326049805,1,y,0.24103520810604095
5.6375837326049805,1,radius,0.6156436204910278
5.6375837326049805,1,spring_constant,0.08959412574768066
5.6375837326049805,2,x,0.2128237783908844
5.6375837326049805,2,y,-0.4696539044380188
5.6375837326049805,2,radius,0.36113154888153076
5.6375837326049805,2,spring_constant,0.32180261611938477
5.738255023956299,0,x,-0.2858155369758606
5.738255023956299,0,y,-0.5062143802642822
5.738255023956299,0,radius,0.23086899518966675
5.738255023956299,0,spring_constant,0.16222846508026123
5.738255023956299,1,x,-0.22282326221466064
5.738255023956299,1,y,0.2238013595342636
5.738255023956299,1,radius,0.6156436204910278
5.738255023956299,1,spring_constant,0.08959412574768066
5.738255023956299,2,x,0.2599872648715973
5.738255023956299,2,y,-0.4392869472503662
5.738255023956299,2,radius,0.36113154888153076
5.738255023956299,2,spring_constant,0.32180261611938477
5.838926315307617,0,x,-0.2328200489282608
5.838926315307617,0,y,-0.5286036133766174
5.838926315307617,0,radius,0.23086899518966675
5.838926315307617,0,spring_constant,0.16222846508026123
5.838926315307617,1,x,-0.2417508363723755
5.838926315307617,1,y,0.20481975376605988
5.838926315307617,1,radius,0.6156436204910278
5.838926315307617,1,spring_constant,0.08959412574768066
5.838926315307617,2,x,0.30319616198539734
5.838926315307617,2,y,-0.40444135665893555
5.838926315307617,2,radius,0.36113154888153076
5.838926315307617,2,spring_constant,0.32180261611938477
5.9395976066589355,0,x,-0.17821268737316132
5.9395976066589355,0,y,-0.5455465316772461
5.9395976066589355,0,radius,0.23086899518966675
5.9395976066589355,0,spring_constant,0.16222846508026123
5.9395976066589355,1,x,-0.2592185139656067
5.9395976066589355,1,y,0.18416671454906464
5.9395976066589355,1,radius,0.6156436204910278
5.9395976066589355,1,spring_constant,0.08959412574768066
5.9395976066589355,2,x,0.3420514464378357
5.9395976066589355,2,y,-0.3655962646007538
5.9395976066589355,2,radius,0.36113154888153076
5.9395976066589355,2,spring_constant,0.32180261611938477
6.040268421173096,0,x,-0.12254488468170166
6.040268421173096,0,y,-0.5569458603858948
6.040268421173096,0,radius,0.23086899518966675
6.040268421173096,0,spring_constant,0.16222846508026123
6.040268421173096,1,x,-0.2750645875930786
6.040268421173096,1,y,0.16193756461143494
6.040268421173096,1,radius,0.6156436204910278
6.040268421173096,1,spring_constant,0.08959412574768066
6.040268421173096,2,x,0.37620970606803894
6.040268421173096,2,y,-0.32326462864875793
6.040268421173096,2,radius,0.36113154888153076
6.040268421173096,2,spring_constant,0.32180261611938477
6.140939712524414,0,x,-0.06637094169855118
6.140939712524414,0,y,-0.5627579092979431
6.140939712524414,0,radius,0.23086899518966675
6.140939712524414,0,spring_constant,0.16222846508026123
6.140939712524414,1,x,-0.28913238644599915
6.140939712524414,1,y,0.13824398815631866
6.140939712524414,1,radius,0.6156436204910278
6.140939712524414,1,spring_constant,0.08959412574768066
6.140939712524414,2,x,0.40538468956947327
6.140939712524414,2,y,-0.2779853641986847
6.140939712524414,2,radius,0.36113154888153076
6.140939712524414,2,spring_constant,0.32180261611938477
6.241611003875732,0,x,-0.010244091972708702
6.241611003875732,0,y,-0.5629947185516357
6.241611003875732,0,radius,0.23086899518966675
6.241611003875732,0,spring_constant,0.16222846508026123
6.241611003875732,1,x,-0.30127057433128357
6.241611003875732,1,y,0.1132158488035202
6.241611003875732,1,radius,0.6156436204910278
6.241611003875732,1,spring_constant,0.08959412574768066
6.241611003875732,2,x,0.42934906482696533
6.241611003875732,2,y,-0.23031838238239288
6.241611003875732,2,radius,0.36113154888153076
6.241611003875732,2,spring_constant,0.32180261611938477
6.342281818389893,0,x,0.04528992623090744
6.342281818389893,0,y,-0.5577221512794495
6.342281818389893,0,radius,0.23086899518966675
6.342281818389893,0,spring_constant,0.16222846508026123
6.342281818389893,1,x,-0.3113362491130829
6.342281818389893,1,y,0.08700037002563477
6.342281818389893,1,radius,0.6156436204910278
6.342281818389893,1,spring_constant,0.08959412574768066
6.342281818389893,2,x,0.44793522357940674
6.342281818389893,2,y,-0.18083809316158295
6.342281818389893,2,radius,0.36113154888153076
6.342281818389893,2,spring_constant,0.32180261611938477
6.442953109741211,0,x,0.09969871491193771
6.442953109741211,0,y,-0.5470584630966187
6.442953109741211,0,radius,0.23086899518966675
6.442953109741211,0,spring_constant,0.16222846508026123
6.442953109741211,1,x,-0.3191970884799957
6.442953109741211,1,y,0.05976145714521408
6.442953109741211,1,radius,0.6156436204910278
6.442953109741211,1,spring_constant,0.08959412574768066
6.442953109741211,2,x,0.4610365033149719
6.442953109741211,2,y,-0.13012659549713135
6.442953109741211,2,radius,0.36113154888153076
6.442953109741211,2,spring_constant,0.32180261611938477
6.543624401092529,0,x,0.1524663269519806
6.543624401092529,0,y,-0.5311709046363831
6.543624401092529,0,radius,0.23086899518966675
6.543624401092529,0,spring_constant,0.16222846508026123
6.543624401092529,1,x,-0.3247329890727997
6.543624401092529,1,y,0.031679801642894745
6.543624401092529,1,radius,0.6156436204910278
6.543624401092529,1,spring_constant,0.08959412574768066
6.543624401092529,2,x,0.4686068594455719
6.543624401092529,2,y,-0.07876873016357422
6.543624401092529,2,radius,0.36113154888153076
6.543624401092529,2,spring_constant,0.32180261611938477
6.6442952156066895,0,x,0.20310033857822418
6.6442952156066895,0,y,-0.5102826356887817
6.6442952156066895,0,radius,0.23086899518966675
6.6442952156066895,0,spring_constant,0.16222846508026123
6.6442952156066895,1,x,-0.32783928513526917
6.6442952156066895,1,y,0.0029512180481106043
6.6442952156066895,1,radius,0.6156436204910278
6.6442952156066895,1,spring_constant,0.08959412574768066
6.6442952156066895,2,x,0.4706590473651886
6.6442952156066895,2,y,-0.027345776557922363
6.6442952156066895,2,radius,0.36113154888153076
6.6442952156066895,2,spring_constant,0.32180261611938477
6.744966506958008,0,x,0.2511340379714966
6.744966506958008,0,y,-0.48465126752853394
6.744966506958008,0,radius,0.23086899518966675
6.744966506958008,0,spring_constant,0.16222846508026123
6.744966506958008,1,x,-0.3284270763397217
6.744966506958008,1,y,-0.02621438167989254
6.744966506958008,1,radius,0.6156436204910278
6.744966506958008,1,spring_constant,0.08959412574768066
6.744966506958008,2,x,0.4672660529613495
6.744966506958008,2,y,0.02357175014913082
6.744966506958008,2,radius,0.36113154888153076
6.744966506958008,2,spring_constant,0.32180261611938477
6.845637798309326,0,x,0.29613184928894043
6.845637798309326,0,y,-0.4545845091342926
6.845637798309326,0,radius,0.23086899518966675
6.845637798309326,0,spring_constant,0.16222846508026123
6.845637798309326,1,x,-0.32642653584480286
6.845637798309326,1,y,-0.05559435114264488
6.845637798309326,1,radius,0.6156436204910278
6.845637798309326,1,spring_constant,0.08959412574768066
6.845637798309326,2,x,0.45855680108070374
6.845637798309326,2,y,0.07342778146266937
6.845637798309326,2,radius,0.36113154888153076
6.845637798309326,2,spring_constant,0.32180261611938477
6.946308612823486,0,x,0.33769291639328003
6.946308612823486,0,y,-0.420427531003952
6.946308612823486,0,radius,0.23086899518966675
6.946308612823486,0,spring_constant,0.16222846508026123
6.946308612823486,1,x,-0.32178837060928345
6.946308612823486,1,y,-0.08495505154132843
6.946308612823486,1,radius,0.6156436204910278
6.946308612823486,1,spring_constant,0.08959412574768066
6.946308612823486,2,x,0.4447151720523834
6.946308612823486,2,y,0.12168710678815842
6.946308612823486,2,radius,0.36113154888153076
6.946308612823486,2,spring_constant,0.32180261611938477
7.046979904174805,0,x,0.37545472383499146
7.046979904174805,0,y,-0.38255995512008667
7.046979904174805,0,radius,0.23086899518966675
7.046979904174805,0,spring_constant,0.16222846508026123
7.046979904174805,1,x,-0.3144853413105011
7.046979904174805,1,y,-0.11405457556247711
7.046979904174805,1,radius,0.6156436204910278
7.046979904174805,1,spring_constant,0.08959412574768066
7.046979904174805,2,x,0.4259762465953827
7.046979904174805,2,y,0.16784121096134186
7.046979904174805,2,radius,0.36113154888153076
7.046979904174805,2,spring_constant,0.32180261611938477
7.147651195526123,0,x,0.40909549593925476
7.147651195526123,0,y,-0.34139284491539
7.147651195526123,0,radius,0.23086899518966675
7.147651195526123,0,spring_constant,0.16222846508026123
7.147651195526123,1,x,-0.3045131266117096
7.147651195526123,1,y,-0.14264382421970367
7.147651195526123,1,radius,0.6156436204910278
7.147651195526123,1,spring_constant,0.08959412574768066
7.147651195526123,2,x,0.402624249458313
7.147651195526123,2,y,0.2114117592573166
7.147651195526123,2,radius,0.36113154888153076
7.147651195526123,2,spring_constant,0.32180261611938477
7.248322486877441,0,x,0.43833649158477783
7.248322486877441,0,y,-0.2973650395870209
7.248322486877441,0,radius,0.23086899518966675
7.248322486877441,0,spring_constant,0.16222846508026123
7.248322486877441,1,x,-0.2918919622898102
7.248322486877441,1,y,-0.17046988010406494
7.248322486877441,1,radius,0.6156436204910278
7.248322486877441,1,spring_constant,0.08959412574768066
7.248322486877441,2,x,0.3749881684780121
7.248322486877441,2,y,0.25195571780204773
7.248322486877441,2,radius,0.36113154888153076
7.248322486877441,2,spring_constant,0.32180261611938477
7.348993301391602,0,x,0.46294519305229187
7.348993301391602,0,y,-0.25093668699264526
7.348993301391602,0,radius,0.23086899518966675
7.348993301391602,0,spring_constant,0.16222846508026123
7.348993301391602,1,x,-0.27666765451431274
7.348993301391602,1,y,-0.19727776944637299
7.348993301391602,1,radius,0.6156436204910278
7.348993301391602,1,spring_constant,0.08959412574768066
7.348993301391602,2,x,0.3434376120567322
7.348993301391602,2,y,0.28906935453414917
7.348993301391602,2,radius,0.36113154888153076
7.348993301391602,2,spring_constant,0.32180261611938477
7.44966459274292,0,x,0.48273658752441406
7.44966459274292,0,y,-0.20258532464504242
7.44966459274292,0,radius,0.23086899518966675
7.44966459274292,0,spring_constant,0.16222846508026123
7.44966459274292,1,x,-0.2589114308357239
7.44966459274292,1,y,-0.22281411290168762
7.44966459274292,1,radius,0.6156436204910278
7.44966459274292,1,spring_constant,0.08959412574768066
7.44966459274292,2,x,0.3083781898021698
7.44966459274292,2,y,0.32239219546318054
7.44966459274292,2,radius,0.36113154888153076
7.44966459274292,2,spring_constant,0.32180261611938477
7.55033540725708,0,x,0.49757370352745056
7.55033540725708,0,y,-0.15280228853225708
7.55033540725708,0,radius,0.23086899518966675
7.55033540725708,0,spring_constant,0.16222846508026123
7.55033540725708,1,x,-0.2387213110923767
7.55033540725708,1,y,-0.24682913720607758
7.55033540725708,1,radius,0.6156436204910278
7.55033540725708,1,spring_constant,0.08959412574768066
7.55033540725708,2,x,0.27024737000465393
7.55033540725708,2,y,0.35160914063453674
7.55033540725708,2,radius,0.36113154888153076
7.55033540725708,2,spring_constant,0.32180261611938477
7.651006698608398,0,x,0.5073685646057129
7.651006698608398,0,y,-0.10208653658628464
7.651006698608398,0,radius,0.23086899518966675
7.651006698608398,0,spring_constant,0.16222846508026123
7.651006698608398,1,x,-0.21621984243392944
7.651006698608398,1,y,-0.26907914876937866
7.651006698608398,1,radius,0.6156436204910278
7.651006698608398,1,spring_constant,0.08959412574768066
7.651006698608398,2,x,0.22950969636440277
7.651006698608398,2,y,0.37645426392555237
7.651006698608398,2,radius,0.36113154888153076
7.651006698608398,2,spring_constant,0.32180261611938477
7.751677513122559,0,x,0.5120829343795776
7.751677513122559,0,y,-0.050940025597810745
7.751677513122559,0,radius,0.23086899518966675
7.751677513122559,0,spring_constant,0.16222846508026123
7.751677513122559,1,x,-0.1915571093559265
7.751677513122559,1,y,-0.2893305718898773
7.751677513122559,1,radius,0.6156436204910278
7.751677513122559,1,spring_constant,0.08959412574768066
7.751677513122559,2,x,0.1866500824689865
7.751677513122559,2,y,0.39671140909194946
7.751677513122559,2,radius,0.36113154888153076
7.751677513122559,2,spring_constant,0.32180261611938477
7.852348804473877,0,x,0.5117272734642029
7.852348804473877,0,y,0.00013680329720955342
7.852348804473877,0,radius,0.23086899518966675
7.852348804473877,0,spring_constant,0.16222846508026123
7.852348804473877,1,x,-0.164906844496727
7.852348804473877,1,y,-0.30736276507377625
7.852348804473877,1,radius,0.6156436204910278
7.852348804473877,1,spring_constant,0.08959412574768066
7.852348804473877,2,x,0.14216971397399902
7.852348804473877,2,y,0.41221731901168823
7.852348804473877,2,radius,0.36113154888153076
7.852348804473877,2,spring_constant,0.32180261611938477
7.953020095825195,0,x,0.5063614845275879
7.953020095825195,0,y,0.05064942315220833
7.953020095825195,0,radius,0.23086899518966675
7.953020095825195,0,spring_constant,0.16222846508026123
7.953020095825195,1,x,-0.13646690547466278
7.953020095825195,1,y,-0.3229689598083496
7.953020095825195,1,radius,0.6156436204910278
7.953020095825195,1,spring_constant,0.08959412574768066
7.953020095825195,2,x,0.09658074378967285
7.953020095825195,2,y,0.42286211252212524
7.953020095825195,2,radius,0.36113154888153076
7.953020095825195,2,spring_constant,0.32180261611938477
8.053691864013672,0,x,0.49609193205833435
8.053691864013672,0,y,0.10011468827724457
8.053691864013672,0,radius,0.23086899518966675
8.053691864013672,0,spring_constant,0.16222846508026123
8.053691864013672,1,x,-0.10645778477191925
8.053691864013672,1,y,-0.3359615206718445
8.053691864013672,1,radius,0.6156436204910278
8.053691864013672,1,spring_constant,0.08959412574768066
8.053691864013672,2,x,0.05040006339550018
8.053691864013672,2,y,0.4285881221294403
8.053691864013672,2,radius,0.36113154888153076
8.053691864013672,2,spring_constant,0.32180261611938477
8.154361724853516,0,x,0.48107120394706726
8.154361724853516,0,y,0.14806340634822845
8.154361724853516,0,radius,0.23086899518966675
8.154361724853516,0,spring_constant,0.16222846508026123
8.154361724853516,1,x,-0.0751214325428009
8.154361724853516,1,y,-0.34617143869400024
8.154361724853516,1,radius,0.6156436204910278
8.154361724853516,1,spring_constant,0.08959412574768066
8.154361724853516,2,x,0.004145452752709389
8.154361724853516,2,y,0.4293929636478424
8.154361724853516,2,radius,0.36113154888153076
8.154361724853516,2,spring_constant,0.32180261611938477
8.255033493041992,0,x,0.46149545907974243
8.255033493041992,0,y,0.194048672914505
8.255033493041992,0,radius,0.23086899518966675
8.255033493041992,0,spring_constant,0.16222846508026123
8.255033493041992,1,x,-0.04271696135401726
8.255033493041992,1,y,-0.353453665971756
8.255033493041992,1,radius,0.6156436204910278
8.255033493041992,1,spring_constant,0.08959412574768066
8.255033493041992,2,x,-0.041673693805933
8.255033493041992,2,y,0.4253261983394623
8.255033493041992,2,radius,0.36113154888153076
8.255033493041992,2,spring_constant,0.32180261611938477
8.355705261230469,0,x,0.4376021921634674
8.355705261230469,0,y,0.2376452386379242
8.355705261230469,0,radius,0.23086899518966675
8.355705261230469,0,spring_constant,0.16222846508026123
8.355705261230469,1,x,-0.009521839208900928
8.355705261230469,1,y,-0.3576888144016266
8.355705261230469,1,radius,0.6156436204910278
8.355705261230469,1,spring_constant,0.08959412574768066
8.355705261230469,2,x,-0.08655674010515213
8.355705261230469,2,y,0.4164885878562927
8.355705261230469,2,radius,0.36113154888153076
8.355705261230469,2,spring_constant,0.32180261611938477
8.456375122070312,0,x,0.4096692204475403
8.456375122070312,0,y,0.27845439314842224
8.456375122070312,0,radius,0.23086899518966675
8.456375122070312,0,spring_constant,0.16222846508026123
8.456375122070312,1,x,0.024172259494662285
8.456375122070312,1,y,-0.3587825894355774
8.456375122070312,1,radius,0.6156436204910278
8.456375122070312,1,spring_constant,0.08959412574768066
8.456375122070312,2,x,-0.13001878559589386
8.456375122070312,2,y,0.40303221344947815
8.456375122070312,2,radius,0.36113154888153076
8.456375122070312,2,spring_constant,0.32180261611938477
8.557046890258789,0,x,0.37800759077072144
8.557046890258789,0,y,0.3161112070083618
8.557046890258789,0,radius,0.23086899518966675
8.557046890258789,0,spring_constant,0.16222846508026123
8.557046890258789,1,x,0.058064110577106476
8.557046890258789,1,y,-0.35667040944099426
8.557046890258789,1,radius,0.6156436204910278
8.557046890258789,1,spring_constant,0.08959412574768066
8.557046890258789,2,x,-0.1715986281633377
8.557046890258789,2,y,0.3851555585861206
8.557046890258789,2,radius,0.36113154888153076
8.557046890258789,2,spring_constant,0.32180261611938477
8.657718658447266,0,x,0.3429628312587738
8.657718658447266,0,y,0.35028204321861267
8.657718658447266,0,radius,0.23086899518966675
8.657718658447266,0,spring_constant,0.16222846508026123
8.657718658447266,1,x,0.09184203296899796
8.657718658447266,1,y,-0.3513173758983612
8.657718658447266,1,radius,0.6156436204910278
8.657718658447266,1,spring_constant,0.08959412574768066
8.657718658447266,2,x,-0.21085810661315918
8.657718658447266,2,y,0.36310306191444397
8.657718658447266,2,radius,0.36113154888153076
8.657718658447266,2,spring_constant,0.32180261611938477
8.75838851928711,0,x,0.3049094080924988
8.75838851928711,0,y,0.38066962361335754
8.75838851928711,0,radius,0.23086899518966675
8.75838851928711,0,spring_constant,0.16222846508026123
8.75838851928711,1,x,0.12518899142742157
8.75838851928711,1,y,-0.3427199721336365
8.75838851928711,1,radius,0.6156436204910278
8.75838851928711,1,spring_constant,0.08959412574768066
8.75838851928711,2,x,-0.24738886952400208
8.75838851928711,2,y,0.3371613025665283
8.75838851928711,2,radius,0.36113154888153076
8.75838851928711,2,spring_constant,0.32180261611938477
8.859060287475586,0,x,0.26424428820610046
8.859060287475586,0,y,0.40702155232429504
8.859060287475586,0,radius,0.23086899518966675
8.859060287475586,0,spring_constant,0.16222846508026123
8.859060287475586,1,x,0.15778718888759613
8.859060287475586,1,y,-0.3309049606323242
8.859060287475586,1,radius,0.6156436204910278
8.859060287475586,1,spring_constant,0.08959412574768066
8.859060287475586,2,x,-0.280818909406662
8.859060287475586,2,y,0.3076554238796234
8.859060287475586,2,radius,0.36113154888153076
8.859060287475586,2,spring_constant,0.32180261611938477
8.959732055664062,0,x,0.22138915956020355
8.959732055664062,0,y,0.429116815328598
8.959732055664062,0,radius,0.23086899518966675
8.959732055664062,0,spring_constant,0.16222846508026123
8.959732055664062,1,x,0.1893187314271927
8.959732055664062,1,y,-0.3159346580505371
8.959732055664062,1,radius,0.6156436204910278
8.959732055664062,1,spring_constant,0.08959412574768066
8.959732055664062,2,x,-0.31081125140190125
8.959732055664062,2,y,0.2749437093734741
8.959732055664062,2,radius,0.36113154888153076
8.959732055664062,2,spring_constant,0.32180261611938477
9.060401916503906,0,x,0.1767803281545639
9.060401916503906,0,y,0.4467850625514984
9.060401916503906,0,radius,0.23086899518966675
9.060401916503906,0,spring_constant,0.16222846508026123
9.060401916503906,1,x,0.2194695919752121
9.060401916503906,1,y,-0.29790037870407104
9.060401916503906,1,radius,0.6156436204910278
9.060401916503906,1,spring_constant,0.08959412574768066
9.060401916503906,2,x,-0.33706939220428467
9.060401916503906,2,y,0.23941822350025177
9.060401916503906,2,radius,0.36113154888153076
9.060401916503906,2,spring_constant,0.32180261611938477
9.161073684692383,0,x,0.13086606562137604
9.161073684692383,0,y,0.4598977565765381
9.161073684692383,0,radius,0.23086899518966675
9.161073684692383,0,spring_constant,0.16222846508026123
9.161073684692383,1,x,0.24793541431427002
9.161073684692383,1,y,-0.27692657709121704
9.161073684692383,1,radius,0.6156436204910278
9.161073684692383,1,spring_constant,0.08959412574768066
9.161073684692383,2,x,-0.35934171080589294
9.161073684692383,2,y,0.2014937549829483
9.161073684692383,2,radius,0.36113154888153076
9.161073684692383,2,spring_constant,0.32180261611938477
9.26174545288086,0,x,0.08410464227199554
9.26174545288086,0,y,0.4683704078197479
9.26174545288086,0,radius,0.23086899518966675
9.26174545288086,0,spring_constant,0.16222846508026123
9.26174545288086,1,x,0.27442145347595215
9.26174545288086,1,y,-0.2531692385673523
9.26174545288086,1,radius,0.6156436204910278
9.26174545288086,1,spring_constant,0.08959412574768066
9.26174545288086,2,x,-0.37741997838020325
9.26174545288086,2,y,0.1616092026233673
9.26174545288086,2,radius,0.36113154888153076
9.26174545288086,2,spring_constant,0.32180261611938477
9.36241626739502,0,x,0.03695795685052872
9.36241626739502,0,y,0.4721642732620239
9.36241626739502,0,radius,0.23086899518966675
9.36241626739502,0,spring_constant,0.16222846508026123
9.36241626739502,1,x,0.2986477017402649
9.36241626739502,1,y,-0.22681491076946259
9.36241626739502,1,radius,0.6156436204910278
9.36241626739502,1,spring_constant,0.08959412574768066
9.36241626739502,2,x,-0.3911440968513489
9.36241626739502,2,y,0.12021936476230621
9.36241626739502,2,radius,0.36113154888153076
9.36241626739502,2,spring_constant,0.32180261611938477
9.46308708190918,0,x,-0.010113589465618134
9.46308708190918,0,y,0.47128570079803467
9.46308708190918,0,radius,0.23086899518966675
9.46308708190918,0,spring_constant,0.16222846508026123
9.46308708190918,1,x,0.3203522861003876
9.46308708190918,1,y,-0.1980784684419632
9.46308708190918,1,radius,0.6156436204910278
9.46308708190918,1,spring_constant,0.08959412574768066
9.46308708190918,2,x,-0.4004021883010864
9.46308708190918,2,y,0.07779029756784439
9.46308708190918,2,radius,0.36113154888153076
9.46308708190918,2,spring_constant,0.32180261611938477
9.563758850097656,0,x,-0.05665446072816849
9.563758850097656,0,y,0.4657856822013855
9.563758850097656,0,radius,0.23086899518966675
9.563758850097656,0,spring_constant,0.16222846508026123
9.563758850097656,1,x,0.33929410576820374
9.563758850097656,1,y,-0.1672019511461258
9.563758850097656,1,radius,0.6156436204910278
9.563758850097656,1,spring_constant,0.08959412574768066
9.563758850097656,2,x,-0.40513116121292114
9.563758850097656,2,y,0.03479469567537308
9.563758850097656,2,radius,0.36113154888153076
9.563758850097656,2,spring_constant,0.32180261611938477
9.664429664611816,0,x,-0.1022169440984726
9.664429664611816,0,y,0.45575904846191406
9.664429664611816,0,radius,0.23086899518966675
9.664429664611816,0,spring_constant,0.16222846508026123
9.664429664611816,1,x,0.3552549481391907
9.664429664611816,1,y,-0.13445335626602173
9.664429664611816,1,radius,0.6156436204910278
9.664429664611816,1,spring_constant,0.08959412574768066
9.664429664611816,2,x,-0.4053170680999756
9.664429664611816,2,y,-0.00829183217138052
9.664429664611816,2,radius,0.36113154888153076
9.664429664611816,2,spring_constant,0.32180261611938477
9.765100479125977,0,x,-0.14636783301830292
9.765100479125977,0,y,0.44134315848350525
9.765100479125977,0,radius,0.23086899518966675
9.765100479125977,0,spring_constant,0.16222846508026123
9.765100479125977,1,x,0.3680436611175537
9.765100479125977,1,y,-0.10012270510196686
9.765100479125977,1,radius,0.6156436204910278
9.765100479125977,1,spring_constant,0.08959412574768066
9.765100479125977,2,x,-0.40099501609802246
9.765100479125977,2,y,-0.050998248159885406
9.765100479125977,2,radius,0.36113154888153076
9.765100479125977,2,spring_constant,0.32180261611938477
9.865772247314453,0,x,-0.18869158625602722
9.865772247314453,0,y,0.42271628975868225
9.865772247314453,0,radius,0.23086899518966675
9.865772247314453,0,spring_constant,0.16222846508026123
9.865772247314453,1,x,0.37749776244163513
9.865772247314453,1,y,-0.0645199567079544
9.865772247314453,1,radius,0.6156436204910278
9.865772247314453,1,spring_constant,0.08959412574768066
9.865772247314453,2,x,-0.3922477662563324
9.865772247314453,2,y,-0.09286174178123474
9.865772247314453,2,radius,0.36113154888153076
9.865772247314453,2,spring_constant,0.32180261611938477
9.966443061828613,0,x,-0.22879154980182648
9.966443061828613,0,y,0.40009552240371704
9.966443061828613,0,radius,0.23086899518966675
9.966443061828613,0,spring_constant,0.16222846508026123
9.966443061828613,1,x,0.38348495960235596
9.966443061828613,1,y,-0.027973396703600883
9.966443061828613,1,radius,0.6156436204910278
9.966443061828613,1,spring_constant,0.08959412574768066
9.966443061828613,2,x,-0.3792050778865814
9.966443061828613,2,y,-0.13343144953250885
9.966443061828613,2,radius,0.36113154888153076
9.966443061828613,2,spring_constant,0.32180261611938477
10.067113876342773,0,x,-0.2662980258464813
10.067113876342773,0,y,0.37373411655426025
10.067113876342773,0,radius,0.23086899518966675
10.067113876342773,0,spring_constant,0.16222846508026123
10.067113876342773,1,x,0.3859065771102905
10.067113876342773,1,y,0.009175707586109638
10.067113876342773,1,radius,0.6156436204910278
10.067113876342773,1,spring_constant,0.08959412574768066
10.067113876342773,2,x,-0.3620414137840271
10.067113876342773,2,y,-0.17227530479431152
10.067113876342773,2,radius,0.36113154888153076
10.067113876342773,2,spring_constant,0.32180261611938477
10.16778564453125,0,x,-0.30086830258369446
10.16778564453125,0,y,0.34391942620277405
10.16778564453125,0,radius,0.23086899518966675
10.16778564453125,0,spring_constant,0.16222846508026123
10.16778564453125,1,x,0.3846975862979889
10.16778564453125,1,y,0.046575311571359634
10.16778564453125,1,radius,0.6156436204910278
10.16778564453125,1,spring_constant,0.08959412574768066
10.16778564453125,2,x,-0.34097394347190857
10.16778564453125,2,y,-0.2089833915233612
10.16778564453125,2,radius,0.36113154888153076
10.16778564453125,2,spring_constant,0.32180261611938477
10.26845645904541,0,x,-0.3321898281574249
10.26845645904541,0,y,0.3109700381755829
10.26845645904541,0,radius,0.23086899518966675
10.26845645904541,0,spring_constant,0.16222846508026123
10.26845645904541,1,x,0.37982872128486633
10.26845645904541,1,y,0.0838652178645134
10.26845645904541,1,radius,0.6156436204910278
10.26845645904541,1,spring_constant,0.08959412574768066
10.26845645904541,2,x,-0.3162604868412018
10.26845645904541,2,y,-0.24317072331905365
10.26845645904541,2,radius,0.36113154888153076
10.26845645904541,2,spring_constant,0.32180261611938477
10.36912727355957,0,x,-0.3599851727485657
10.36912727355957,0,y,0.27523139119148254
10.36912727355957,0,radius,0.23086899518966675
10.36912727355957,0,spring_constant,0.16222846508026123
10.36912727355957,1,x,0.3713070750236511
10.36912727355957,1,y,0.12068253010511398
10.36912727355957,1,radius,0.6156436204910278
10.36912727355957,1,spring_constant,0.08959412574768066
10.36912727355957,2,x,-0.2881946563720703
10.36912727355957,2,y,-0.2744835317134857
10.36912727355957,2,radius,0.36113154888153076
10.36912727355957,2,spring_constant,0.32180261611938477
10.469799041748047,0,x,-0.3840120732784271
10.469799041748047,0,y,0.23707281053066254
10.469799041748047,0,radius,0.23086899518966675
10.469799041748047,0,spring_constant,0.16222846508026123
10.469799041748047,1,x,0.35917574167251587
10.469799041748047,1,y,0.15666460990905762
10.469799041748047,1,radius,0.6156436204910278
10.469799041748047,1,spring_constant,0.08959412574768066
10.469799041748047,2,x,-0.2571042478084564
10.469799041748047,2,y,-0.30260169506073
10.469799041748047,2,radius,0.36113154888153076
10.469799041748047,2,spring_constant,0.32180261611938477
10.570469856262207,0,x,-0.4040660560131073
10.570469856262207,0,y,0.19688525795936584
10.570469856262207,0,radius,0.23086899518966675
10.570469856262207,0,spring_constant,0.16222846508026123
10.570469856262207,1,x,0.3435151278972626
10.570469856262207,1,y,0.19145171344280243
10.570469856262207,1,radius,0.6156436204910278
10.570469856262207,1,spring_constant,0.08959412574768066
10.570469856262207,2,x,-0.22334745526313782
10.570469856262207,2,y,-0.3272404968738556
10.570469856262207,2,radius,0.36113154888153076
10.570469856262207,2,spring_constant,0.32180261611938477
10.671140670776367,0,x,-0.4199832081794739
10.671140670776367,0,y,0.15507516264915466
10.671140670776367,0,radius,0.23086899518966675
10.671140670776367,0,spring_constant,0.16222846508026123
10.671140670776367,1,x,0.32444220781326294
10.671140670776367,1,y,0.2246927171945572
10.671140670776367,1,radius,0.6156436204910278
10.671140670776367,1,spring_constant,0.08959412574768066
10.671140670776367,2,x,-0.18730740249156952
10.671140670776367,2,y,-0.34815505146980286
10.671140670776367,2,radius,0.36113154888153076
10.671140670776367,2,spring_constant,0.32180261611938477
10.771812438964844,0,x,-0.43163904547691345
10.771812438964844,0,y,0.11206118762493134
10.771812438964844,0,radius,0.23086899518966675
10.771812438964844,0,spring_constant,0.16222846508026123
10.771812438964844,1,x,0.30210745334625244
10.771812438964844,1,y,0.2560479938983917
10.771812438964844,1,radius,0.6156436204910278
10.771812438964844,1,spring_constant,0.08959412574768066
10.771812438964844,2,x,-0.14938871562480927
10.771812438964844,2,y,-0.36514440178871155
10.771812438964844,2,radius,0.36113154888153076
10.771812438964844,2,spring_constant,0.32180261611938477
10.872483253479004,0,x,-0.43895378708839417
10.872483253479004,0,y,0.06827226281166077
10.872483253479004,0,radius,0.23086899518966675
10.872483253479004,0,spring_constant,0.16222846508026123
10.872483253479004,1,x,0.2766993045806885
10.872483253479004,1,y,0.28519150614738464
10.872483253479004,1,radius,0.6156436204910278
10.872483253479004,1,spring_constant,0.08959412574768066
10.872483253479004,2,x,-0.11001443862915039
10.872483253479004,2,y,-0.37804579734802246
10.872483253479004,2,radius,0.36113154888153076
10.872483253479004,2,spring_constant,0.32180261611938477
10.973154067993164,0,x,-0.44188714027404785
10.973154067993164,0,y,0.024139976128935814
10.973154067993164,0,radius,0.23086899518966675
10.973154067993164,0,spring_constant,0.16222846508026123
10.973154067993164,1,x,0.2484363615512848
10.973154067993164,1,y,0.31181830167770386
10.973154067993164,1,radius,0.6156436204910278
10.973154067993164,1,spring_constant,0.08959412574768066
10.973154067993164,2,x,-0.06961891055107117
10.973154067993164,2,y,-0.38674604892730713
10.973154067993164,2,radius,0.36113154888153076
10.973154067993164,2,spring_constant,0.32180261611938477
11.07382583618164,0,x,-0.44044259190559387
11.07382583618164,0,y,-0.01990346796810627
11.07382583618164,0,radius,0.23086899518966675
11.07382583618164,0,spring_constant,0.16222846508026123
11.07382583618164,1,x,0.2175687849521637
11.07382583618164,1,y,0.3356435000896454
11.07382583618164,1,radius,0.6156436204910278
11.07382583618164,1,spring_constant,0.08959412574768066
11.07382583618164,2,x,-0.028644464910030365
11.07382583618164,2,y,-0.3911750018596649
11.07382583618164,2,radius,0.36113154888153076
11.07382583618164,2,spring_constant,0.32180261611938477
11.1744966506958,0,x,-0.43466541171073914
11.1744966506958,0,y,-0.0634286180138588
11.1744966506958,0,radius,0.23086899518966675
11.1744966506958,0,spring_constant,0.16222846508026123
11.1744966506958,1,x,0.18437643349170685
11.1744966506958,1,y,0.3564074635505676
11.1744966506958,1,radius,0.6156436204910278
11.1744966506958,1,spring_constant,0.08959412574768066
11.1744966506958,2,x,0.012462257407605648
11.1744966506958,2,y,-0.3913102447986603
11.1744966506958,2,radius,0.36113154888153076
11.1744966506958,2,spring_constant,0.32180261611938477
11.275167465209961,0,x,-0.4246417284011841
11.275167465209961,0,y,-0.10601519793272018
11.275167465209961,0,radius,0.23086899518966675
11.275167465209961,0,spring_constant,0.16222846508026123
11.275167465209961,1,x,0.14916428923606873
11.275167465209961,1,y,0.373879611492157
11.275167465209961,1,radius,0.6156436204910278
11.275167465209961,1,spring_constant,0.08959412574768066
11.275167465209961,2,x,0.05325720086693764
11.275167465209961,2,y,-0.38717302680015564
11.275167465209961,2,radius,0.36113154888153076
11.275167465209961,2,spring_constant,0.32180261611938477
11.375839233398438,0,x,-0.4104997515678406
11.375839233398438,0,y,-0.14725463092327118
11.375839233398438,0,radius,0.23086899518966675
11.375839233398438,0,spring_constant,0.16222846508026123
11.375839233398438,1,x,0.11226090788841248
11.375839233398438,1,y,0.3878597915172577
11.375839233398438,1,radius,0.6156436204910278
11.375839233398438,1,spring_constant,0.08959412574768066
11.375839233398438,2,x,0.09330253303050995
11.375839233398438,2,y,-0.3788319528102875
11.375839233398438,2,radius,0.36113154888153076
11.375839233398438,2,spring_constant,0.32180261611938477
11.476510047912598,0,x,-0.39240527153015137
11.476510047912598,0,y,-0.18675296008586884
11.476510047912598,0,radius,0.23086899518966675
11.476510047912598,0,spring_constant,0.16222846508026123
11.476510047912598,1,x,0.07401581108570099
11.476510047912598,1,y,0.3981807231903076
11.476510047912598,1,radius,0.6156436204910278
11.476510047912598,1,spring_constant,0.08959412574768066
11.476510047912598,2,x,0.13217002153396606
11.476510047912598,2,y,-0.3663991391658783
11.476510047912598,2,radius,0.36113154888153076
11.476510047912598,2,spring_constant,0.32180261611938477
11.577180862426758,0,x,-0.37056124210357666
11.577180862426758,0,y,-0.22413663566112518
11.577180862426758,0,radius,0.23086899518966675
11.577180862426758,0,spring_constant,0.16222846508026123
11.577180862426758,1,x,0.03479431942105293
11.577180862426758,1,y,0.4047107994556427
11.577180862426758,1,radius,0.6156436204910278
11.577180862426758,1,spring_constant,0.08959412574768066
11.577180862426758,2,x,0.16944770514965057
11.577180862426758,2,y,-0.35002967715263367
11.577180862426758,2,radius,0.36113154888153076
11.577180862426758,2,spring_constant,0.32180261611938477
11.677852630615234,0,x,-0.34520548582077026
11.677852630615234,0,y,-0.25905489921569824
11.677852630615234,0,radius,0.23086899518966675
11.677852630615234,0,spring_constant,0.16222846508026123
11.677852630615234,1,x,-0.005025086924433708
11.677852630615234,1,y,0.40735509991645813
11.677852630615234,1,radius,0.6156436204910278
11.677852630615234,1,spring_constant,0.08959412574768066
11.677852630615234,2,x,0.20474298298358917
11.677852630615234,2,y,-0.3299192190170288
11.677852630615234,2,radius,0.36113154888153076
11.677852630615234,2,spring_constant,0.32180261611938477
11.778523445129395,0,x,-0.31660881638526917
11.778523445129395,0,y,-0.29118189215660095
11.778523445129395,0,radius,0.23086899518966675
11.778523445129395,0,spring_constant,0.16222846508026123
11.778523445129395,1,x,-0.04505342245101929
11.778523445129395,1,y,0.4060569405555725
11.778523445129395,1,radius,0.6156436204910278
11.778523445129395,1,spring_constant,0.08959412574768066
11.778523445129395,2,x,0.23768563568592072
11.778523445129395,2,y,-0.30630287528038025
11.778523445129395,2,radius,0.36113154888153076
11.778523445129395,2,spring_constant,0.32180261611938477
11.879194259643555,0,x,-0.2850712537765503
11.879194259643555,0,y,-0.32022178173065186
11.879194259643555,0,radius,0.23086899518966675
11.879194259643555,0,spring_constant,0.16222846508026123
11.879194259643555,1,x,-0.08489736914634705
11.879194259643555,1,y,0.4007989764213562
11.879194259643555,1,radius,0.6156436204910278
11.879194259643555,1,spring_constant,0.08959412574768066
11.879194259643555,2,x,0.26793357729911804
11.879194259643555,2,y,-0.27945080399513245
11.879194259643555,2,radius,0.36113154888153076
11.879194259643555,2,spring_constant,0.32180261611938477
11.979866027832031,0,x,-0.2509194016456604
11.979866027832031,0,y,-0.3459100127220154
11.979866027832031,0,radius,0.23086899518966675
11.979866027832031,0,spring_constant,0.16222846508026123
11.979866027832031,1,x,-0.12416216731071472
11.979866027832031,1,y,0.3916032016277313
11.979866027832031,1,radius,0.6156436204910278
11.979866027832031,1,spring_constant,0.08959412574768066
11.979866027832031,2,x,0.29517489671707153
11.979866027832031,2,y,-0.2496655136346817
11.979866027832031,2,radius,0.36113154888153076
11.979866027832031,2,spring_constant,0.32180261611938477
12.080536842346191,0,x,-0.21450310945510864
12.080536842346191,0,y,-0.36801615357398987
12.080536842346191,0,radius,0.23086899518966675
12.080536842346191,0,spring_constant,0.16222846508026123
12.080536842346191,1,x,-0.1624542623758316
12.080536842346191,1,y,0.37853288650512695
12.080536842346191,1,radius,0.6156436204910278
12.080536842346191,1,spring_constant,0.08959412574768066
12.080536842346191,2,x,0.3191315829753876
12.080536842346191,2,y,-0.21728214621543884
12.080536842346191,2,radius,0.36113154888153076
12.080536842346191,2,spring_constant,0.32180261611938477
12.181207656860352,0,x,-0.17619337141513824
12.181207656860352,0,y,-0.386344850063324
12.181207656860352,0,radius,0.23086899518966675
12.181207656860352,0,spring_constant,0.16222846508026123
12.181207656860352,1,x,-0.19938823580741882
12.181207656860352,1,y,0.36168795824050903
12.181207656860352,1,radius,0.6156436204910278
12.181207656860352,1,spring_constant,0.08959412574768066
12.181207656860352,2,x,0.33956092596054077
12.181207656860352,2,y,-0.182656928896904
12.181207656860352,2,radius,0.36113154888153076
12.181207656860352,2,spring_constant,0.32180261611938477
12.281879425048828,0,x,-0.13637517392635345
12.281879425048828,0,y,-0.4007404148578644
12.281879425048828,0,radius,0.23086899518966675
12.281879425048828,0,spring_constant,0.16222846508026123
12.281879425048828,1,x,-0.2345891296863556
12.281879425048828,1,y,0.34121012687683105
12.281879425048828,1,radius,0.6156436204910278
12.281879425048828,1,spring_constant,0.08959412574768066
12.281879425048828,2,x,0.3562605381011963
12.281879425048828,2,y,-0.14617058634757996
12.281879425048828,2,radius,0.36113154888153076
12.281879425048828,2,spring_constant,0.32180261611938477
12.382550239562988,0,x,-0.09544834494590759
12.382550239562988,0,y,-0.41108372807502747
12.382550239562988,0,radius,0.23086899518966675
12.382550239562988,0,spring_constant,0.16222846508026123
12.382550239562988,1,x,-0.2676953673362732
12.382550239562988,1,y,0.3172776401042938
12.382550239562988,1,radius,0.6156436204910278
12.382550239562988,1,spring_constant,0.08959412574768066
12.382550239562988,2,x,0.3690671920776367
12.382550239562988,2,y,-0.10822204500436783
12.382550239562988,2,radius,0.36113154888153076
12.382550239562988,2,spring_constant,0.32180261611938477
12.483221054077148,0,x,-0.053819797933101654
12.483221054077148,0,y,-0.4172973036766052
12.483221054077148,0,radius,0.23086899518966675
12.483221054077148,0,spring_constant,0.16222846508026123
12.483221054077148,1,x,-0.29836520552635193
12.483221054077148,1,y,0.2901045083999634
12.483221054077148,1,radius,0.6156436204910278
12.483221054077148,1,spring_constant,0.08959412574768066
12.483221054077148,2,x,0.3778602182865143
12.483221054077148,2,y,-0.06922245025634766
12.483221054077148,2,radius,0.36113154888153076
12.483221054077148,2,spring_constant,0.32180261611938477
12.583892822265625,0,x,-0.011901048012077808
12.583892822265625,0,y,-0.419343501329422
12.583892822265625,0,radius,0.23086899518966675
12.583892822265625,0,spring_constant,0.16222846508026123
12.583892822265625,1,x,-0.32627853751182556
12.583892822265625,1,y,0.2599390745162964
12.583892822265625,1,radius,0.6156436204910278
12.583892822265625,1,spring_constant,0.08959412574768066
12.583892822265625,2,x,0.3825621008872986
12.583892822265625,2,y,-0.02959209680557251
12.583892822265625,2,radius,0.36113154888153076
12.583892822265625,2,spring_constant,0.32180261611938477
12.684563636779785,0,x,0.029894502833485603
12.684563636779785,0,y,-0.4172252118587494
12.684563636779785,0,radius,0.23086899518966675
12.684563636779785,0,spring_constant,0.16222846508026123
12.684563636779785,1,x,-0.35114002227783203
12.684563636779785,1,y,0.22706252336502075
12.684563636779785,1,radius,0.6156436204910278
12.684563636779785,1,spring_constant,0.08959412574768066
12.684563636779785,2,x,0.3831389844417572
12.684563636779785,2,y,0.010242977179586887
12.684563636779785,2,radius,0.36113154888153076
12.684563636779785,2,spring_constant,0.32180261611938477
12.785234451293945,0,x,0.07115795463323593
12.785234451293945,0,y,-0.4109862744808197
12.785234451293945,0,radius,0.23086899518966675
12.785234451293945,0,spring_constant,0.16222846508026123
12.785234451293945,1,x,-0.3726842999458313
12.785234451293945,1,y,0.1917843371629715
12.785234451293945,1,radius,0.6156436204910278
12.785234451293945,1,spring_constant,0.08959412574768066
12.785234451293945,2,x,0.37960031628608704
12.785234451293945,2,y,0.04985770583152771
12.785234451293945,2,radius,0.36113154888153076
12.785234451293945,2,spring_constant,0.32180261611938477
12.885906219482422,0,x,0.11148788779973984
12.885906219482422,0,y,-0.4007103443145752
12.885906219482422,0,radius,0.23086899518966675
12.885906219482422,0,spring_constant,0.16222846508026123
12.885906219482422,1,x,-0.3906767964363098
12.885906219482422,1,y,0.15444013476371765
12.885906219482422,1,radius,0.6156436204910278
12.885906219482422,1,spring_constant,0.08959412574768066
12.885906219482422,2,x,0.3720000982284546
12.885906219482422,2,y,0.08883130550384521
12.885906219482422,2,radius,0.36113154888153076
12.885906219482422,2,spring_constant,0.32180261611938477
12.986577033996582,0,x,0.15049207210540771
12.986577033996582,0,y,-0.3865186870098114
12.986577033996582,0,radius,0.23086899518966675
12.986577033996582,0,spring_constant,0.16222846508026123
12.986577033996582,1,x,-0.40491729974746704
12.986577033996582,1,y,0.11539012938737869
12.986577033996582,1,radius,0.6156436204910278
12.986577033996582,1,spring_constant,0.08959412574768066
12.986577033996582,2,x,0.3604326844215393
12.986577033996582,2,y,0.1267506629228592
12.986577033996582,2,radius,0.36113154888153076
12.986577033996582,2,spring_constant,0.32180261611938477
13.087247848510742,0,x,0.18779508769512177
13.087247848510742,0,y,-0.3685707449913025
13.087247848510742,0,radius,0.23086899518966675
13.087247848510742,0,spring_constant,0.16222846508026123
13.087247848510742,1,x,-0.4152420461177826
13.087247848510742,1,y,0.07501266151666641
13.087247848510742,1,radius,0.6156436204910278
13.087247848510742,1,spring_constant,0.08959412574768066
13.087247848510742,2,x,0.34503600001335144
13.087247848510742,2,y,0.1632164865732193
13.087247848510742,2,radius,0.36113154888153076
13.087247848510742,2,spring_constant,0.32180261611938477
13.187919616699219,0,x,0.2230391800403595
13.187919616699219,0,y,-0.34706300497055054
13.187919616699219,0,radius,0.23086899518966675
13.187919616699219,0,spring_constant,0.16222846508026123
13.187919616699219,1,x,-0.4215273857116699
13.187919616699219,1,y,0.03370162472128868
13.187919616699219,1,radius,0.6156436204910278
13.187919616699219,1,spring_constant,0.08959412574768066
13.187919616699219,2,x,0.3259884715080261
13.187919616699219,2,y,0.19784682989120483
13.187919616699219,2,radius,0.36113154888153076
13.187919616699219,2,spring_constant,0.32180261611938477
13.288590431213379,0,x,0.25588804483413696
13.288590431213379,0,y,-0.32222387194633484
13.288590431213379,0,radius,0.23086899518966675
13.288590431213379,0,spring_constant,0.16222846508026123
13.288590431213379,1,x,-0.42368701100349426
13.288590431213379,1,y,-0.008135625161230564
13.288590431213379,1,radius,0.6156436204910278
13.288590431213379,1,spring_constant,0.08959412574768066
13.288590431213379,2,x,0.3035028874874115
13.288590431213379,2,y,0.2302795797586441
13.288590431213379,2,radius,0.36113154888153076
13.288590431213379,2,spring_constant,0.32180261611938477
13.389261245727539,0,x,0.2860301434993744
13.389261245727539,0,y,-0.2943148612976074
13.389261245727539,0,radius,0.23086899518966675
13.389261245727539,0,spring_constant,0.16222846508026123
13.389261245727539,1,x,-0.4216773509979248
13.389261245727539,1,y,-0.05008552595973015
13.389261245727539,1,radius,0.6156436204910278
13.389261245727539,1,spring_constant,0.08959412574768066
13.389261245727539,2,x,0.2778306007385254
13.389261245727539,2,y,0.2601781189441681
13.389261245727539,2,radius,0.36113154888153076
13.389261245727539,2,spring_constant,0.32180261611938477
13.489933013916016,0,x,0.3131829500198364
13.489933013916016,0,y,-0.26362401247024536
13.489933013916016,0,radius,0.23086899518966675
13.489933013916016,0,spring_constant,0.16222846508026123
13.489933013916016,1,x,-0.4154966175556183
13.489933013916016,1,y,-0.09173072129487991
13.489933013916016,1,radius,0.6156436204910278
13.489933013916016,1,spring_constant,0.08959412574768066
13.489933013916016,2,x,0.2492532581090927
13.489933013916016,2,y,0.28723424673080444
13.489933013916016,2,radius,0.36113154888153076
13.489933013916016,2,spring_constant,0.32180261611938477
13.590603828430176,0,x,0.3370923399925232
13.590603828430176,0,y,-0.23046749830245972
13.590603828430176,0,radius,0.23086899518966675
13.590603828430176,0,spring_constant,0.16222846508026123
13.590603828430176,1,x,-0.4051849842071533
13.590603828430176,1,y,-0.13265347480773926
13.590603828430176,1,radius,0.6156436204910278
13.590603828430176,1,spring_constant,0.08959412574768066
13.590603828430176,2,x,0.2180837094783783
13.590603828430176,2,y,0.3111695647239685
13.590603828430176,2,radius,0.36113154888153076
13.590603828430176,2,spring_constant,0.32180261611938477
13.691274642944336,0,x,0.357538640499115
13.691274642944336,0,y,-0.19518285989761353
13.691274642944336,0,radius,0.23086899518966675
13.691274642944336,0,spring_constant,0.16222846508026123
13.691274642944336,1,x,-0.3908240497112274
13.691274642944336,1,y,-0.17244216799736023
13.691274642944336,1,radius,0.6156436204910278
13.691274642944336,1,spring_constant,0.08959412574768066
13.691274642944336,2,x,0.1846596747636795
13.691274642944336,2,y,0.33174070715904236
13.691274642944336,2,radius,0.36113154888153076
13.691274642944336,2,spring_constant,0.32180261611938477
13.791946411132812,0,x,0.374336302280426
13.791946411132812,0,y,-0.15812696516513824
13.791946411132812,0,radius,0.23086899518966675
13.791946411132812,0,spring_constant,0.16222846508026123
13.791946411132812,1,x,-0.3725373148918152
13.791946411132812,1,y,-0.2106943279504776
13.791946411132812,1,radius,0.6156436204910278
13.791946411132812,1,spring_constant,0.08959412574768066
13.791946411132812,2,x,0.14934130012989044
13.791946411132812,2,y,0.34874042868614197
13.791946411132812,2,radius,0.36113154888153076
13.791946411132812,2,spring_constant,0.32180261611938477
13.892617225646973,0,x,0.38733574748039246
13.892617225646973,0,y,-0.11967367678880692
13.892617225646973,0,radius,0.23086899518966675
13.892617225646973,0,spring_constant,0.16222846508026123
13.892617225646973,1,x,-0.3504883944988251
13.892617225646973,1,y,-0.24701955914497375
13.892617225646973,1,radius,0.6156436204910278
13.892617225646973,1,spring_constant,0.08959412574768066
13.892617225646973,2,x,0.11250831186771393
13.892617225646973,2,y,0.3619988262653351
13.892617225646973,2,radius,0.36113154888153076
13.892617225646973,2,spring_constant,0.32180261611938477
13.993288040161133,0,x,0.39642685651779175
13.993288040161133,0,y,-0.08020725846290588
13.993288040161133,0,radius,0.23086899518966675
13.993288040161133,0,spring_constant,0.16222846508026123
13.993288040161133,1,x,-0.32487985491752625
13.993288040161133,1,y,-0.2810468077659607
13.993288040161133,1,radius,0.6156436204910278
13.993288040161133,1,spring_constant,0.08959412574768066
13.993288040161133,2,x,0.07455369830131531
13.993288040161133,2,y,0.3713882863521576
13.993288040161133,2,radius,0.36113154888153076
13.993288040161133,2,spring_constant,0.32180261611938477
14.09395980834961,0,x,0.40153440833091736
14.09395980834961,0,y,-0.04012157768011093
14.09395980834961,0,radius,0.23086899518966675
14.09395980834961,0,spring_constant,0.16222846508026123
14.09395980834961,1,x,-0.29595136642456055
14.09395980834961,1,y,-0.3124251961708069
14.09395980834961,1,radius,0.6156436204910278
14.09395980834961,1,spring_constant,0.08959412574768066
14.09395980834961,2,x,0.0358811654150486
14.09395980834961,2,y,0.376819372177124
14.09395980834961,2,radius,0.36113154888153076
14.09395980834961,2,spring_constant,0.32180261611938477
14.19463062286377,0,x,0.40262752771377563
14.19463062286377,0,y,0.00018503301544114947
14.19463062286377,0,radius,0.23086899518966675
14.19463062286377,0,spring_constant,0.16222846508026123
14.19463062286377,1,x,-0.26397791504859924
14.19463062286377,1,y,-0.34082862734794617
14.19463062286377,1,radius,0.6156436204910278
14.19463062286377,1,spring_constant,0.08959412574768066
14.19463062286377,2,x,-0.0030987232457846403
14.19463062286377,2,y,0.37824559211730957
14.19463062286377,2,radius,0.36113154888153076
14.19463062286377,2,spring_constant,0.32180261611938477
14.295302391052246,0,x,0.39971083402633667
14.295302391052246,0,y,0.04031459614634514
14.295302391052246,0,radius,0.23086899518966675
14.295302391052246,0,spring_constant,0.16222846508026123
14.295302391052246,1,x,-0.22926251590251923
14.295302391052246,1,y,-0.36596009135246277
14.295302391052246,1,radius,0.6156436204910278
14.295302391052246,1,spring_constant,0.08959412574768066
14.295302391052246,2,x,-0.04197479784488678
14.295302391052246,2,y,0.37566301226615906
14.295302391052246,2,radius,0.36113154888153076
14.295302391052246,2,spring_constant,0.32180261611938477
14.395973205566406,0,x,0.39282986521720886
14.395973205566406,0,y,0.07987092435359955
14.395973205566406,0,radius,0.23086899518966675
14.395973205566406,0,spring_constant,0.16222846508026123
14.395973205566406,1,x,-0.19214417040348053
14.395973205566406,1,y,-0.38755396008491516
14.395973205566406,1,radius,0.6156436204910278
14.395973205566406,1,spring_constant,0.08959412574768066
14.395973205566406,2,x,-0.08033709973096848
14.395973205566406,2,y,0.3691096305847168
14.395973205566406,2,radius,0.36113154888153076
14.395973205566406,2,spring_constant,0.32180261611938477
14.496644020080566,0,x,0.3820684850215912
14.496644020080566,0,y,0.1184660866856575
14.496644020080566,0,radius,0.23086899518966675
14.496644020080566,0,spring_constant,0.16222846508026123
14.496644020080566,1,x,-0.1529829055070877
14.496644020080566,1,y,-0.40537917613983154
14.496644020080566,1,radius,0.6156436204910278
14.496644020080566,1,spring_constant,0.08959412574768066
14.496644020080566,2,x,-0.11778338253498077
14.496644020080566,2,y,0.3586645722389221
14.496644020080566,2,radius,0.36113154888153076
14.496644020080566,2,spring_constant,0.32180261611938477
14.597315788269043,0,x,0.36754801869392395
14.597315788269043,0,y,0.15572293102741241
14.597315788269043,0,radius,0.23086899518966675
14.597315788269043,0,spring_constant,0.16222846508026123
14.597315788269043,1,x,-0.11216191202402115
14.597315788269043,1,y,-0.4192420244216919
14.597315788269043,1,radius,0.6156436204910278
14.597315788269043,1,spring_constant,0.08959412574768066
14.597315788269043,2,x,-0.15392231941223145
14.597315788269043,2,y,0.34444746375083923
14.597315788269043,2,radius,0.36113154888153076
14.597315788269043,2,spring_constant,0.32180261611938477
14.697986602783203,0,x,0.34942707419395447
14.697986602783203,0,y,0.19127777218818665
14.697986602783203,0,radius,0.23086899518966675
14.697986602783203,0,spring_constant,0.16222846508026123
14.697986602783203,1,x,-0.07008398324251175
14.697986602783203,1,y,-0.4289872646331787
14.697986602783203,1,radius,0.6156436204910278
14.697986602783203,1,spring_constant,0.08959412574768066
14.697986602783203,2,x,-0.18837644159793854
14.697986602783203,2,y,0.32661712169647217
14.697986602783203,2,radius,0.36113154888153076
14.697986602783203,2,spring_constant,0.32180261611938477
14.798657417297363,0,x,0.32789814472198486
14.798657417297363,0,y,0.2247859239578247
14.798657417297363,0,radius,0.23086899518966675
14.798657417297363,0,spring_constant,0.16222846508026123
14.798657417297363,1,x,-0.027165202423930168
14.798657417297363,1,y,-0.43450114130973816
14.798657417297363,1,radius,0.6156436204910278
14.798657417297363,1,spring_constant,0.08959412574768066
14.798657417297363,2,x,-0.22078807651996613
14.798657417297363,2,y,0.3053695261478424
14.798657417297363,2,radius,0.36113154888153076
14.798657417297363,2,spring_constant,0.32180261611938477
14.89932918548584,0,x,0.30318668484687805
14.89932918548584,0,y,0.255923867225647
14.89932918548584,0,radius,0.23086899518966675
14.89932918548584,0,spring_constant,0.16222846508026123
14.89932918548584,1,x,0.016168082132935524
14.89932918548584,1,y,-0.4357120990753174
14.89932918548584,1,radius,0.6156436204910278
14.89932918548584,1,spring_constant,0.08959412574768066
14.89932918548584,2,x,-0.25082194805145264
14.89932918548584,2,y,0.2809356451034546
14.89932918548584,2,radius,0.36113154888153076
14.89932918548584,2,spring_constant,0.32180261611938477
15.0,0,x,0.27554965019226074
15.0,0,y,0.2843916118144989
15.0,0,radius,0.23086899518966675
15.0,0,spring_constant,0.16222846508026123
15.0,1,x,0.059482306241989136
15.0,1,y,-0.4325915277004242
15.0,1,radius,0.6156436204910278
15.0,1,spring_constant,0.08959412574768066
15.0,2,x,-0.2781672179698944
15.0,2,y,0.25357967615127563
15.0,2,radius,0.36113154888153076
15.0,2,spring_constant,0.32180261611938477
