epoch,t,trajectory,value
0,0,0,44.118441880674766
0,0,1,41.51515204975117
0,0,2,15.227161497877525
0,1,0,46.21308446639901
0,1,1,46.5258689521886
0,1,2,32.26215115626131
0,2,0,47.00236375995564
0,2,1,48.45354196818003
0,2,2,38.62461213496671
0,3,0,47.29991838004454
0,3,1,49.22588181004352
0,3,2,40.98453173370109
0,4,0,47.40905522055935
0,4,1,49.56258001431408
0,4,2,41.84383574501569
0,5,0,47.44170355937841
0,5,1,49.73032597522327
0,5,2,42.141423438586116
0,6,0,47.43803733561988
0,6,1,49.82594540031529
0,6,2,42.23006401945726
0,7,0,47.41296978360911
0,7,1,49.883666554170254
0,7,2,42.24255401686469
0,8,0,47.37522221134367
0,8,1,49.91644351017513
0,8,2,42.228866437631844
0,9,0,47.33178858908444
0,9,1,49.929653380064224
0,9,2,42.20785017831523
0,10,0,47.2881765304456
0,10,1,49.92604799568153
0,10,2,42.18657845657119
0,11,0,47.246977961807346
0,11,1,49.90792414035673
0,11,2,42.16742365596147
0,12,0,47.209142091127255
0,12,1,49.87753551590335
0,12,2,42.15092273572844
0,13,0,47.174974283755994
0,13,1,49.837122361161114
0,13,2,42.1369308795916
0,14,0,47.144546282155474
0,14,1,49.78892491496977
0,14,2,42.1250331645
0,15,0,47.117836011722034
0,15,1,49.73518072357428
0,15,2,42.11473168279255
0,16,0,47.094790125496814
0,16,1,49.67812733321962
0,16,2,42.105478085182334
0,17,0,47.075340560118526
0,17,1,49.620002290150765
0,17,2,42.09672239523323
0,18,0,47.05941373357495
0,18,1,49.56304448691006
0,18,2,42.08789999216613
0,19,0,47.04693422430357
0,19,1,49.50949281603985
0,19,2,42.07845113664959
0,20,0,47.03783396894308
0,20,1,49.46158347748775
0,20,2,42.06781283505374
0,21,0,47.03203202728007
0,21,1,49.4215553637961
0,21,2,42.055423720897906
0,22,0,47.029456656852595
0,22,1,49.391641982317736
0,22,2,42.04071754625379
0,23,0,47.03003243609817
0,23,1,49.37408087929762
0,23,2,42.0231329446407
0,24,0,47.03368210390394
0,24,1,49.371110947278126
0,24,2,42.00210692242877
0,25,0,47.04002855245734
0,25,1,49.38473009157063
0,25,2,41.97711553756939
0,26,0,47.047883432261116
0,26,1,49.41525603835674
0,26,2,41.948005838035925
0,27,0,47.05662497531206
0,27,1,49.46144615515503
0,27,2,41.91504142200192
0,28,0,47.06600852141957
0,28,1,49.521396777470684
0,28,2,41.87868928129331
0,29,0,47.07593105576654
0,29,1,49.592943059117246
0,29,2,41.83948474800325
0,30,0,47.08635026869595
0,30,1,49.6738353371733
0,30,2,41.797981052866305
0,31,0,47.097242246053824
0,31,1,49.761778174606576
0,31,2,41.75475257955689
0,32,0,47.10859779008865
0,32,1,49.85446536400572
0,32,2,41.71037045745099
0,33,0,47.12040034484767
0,33,1,49.94959204425679
0,33,2,41.665413951670665
0,34,0,47.13264071257936
0,34,1,50.04483989127202
0,34,2,41.62045581874112
0,35,0,47.14530785598188
0,35,1,50.13789865874794
0,35,2,41.57607369663522
0,36,0,47.15839441685402
0,36,1,50.226458100381095
0,36,2,41.532841969027366
0,37,0,47.17188751834364
0,37,1,50.308210662462756
0,37,2,41.49133339244276
0,38,0,47.18577980224952
0,38,1,50.380851483878956
0,38,2,41.45212723200348
0,39,0,47.200056552169215
0,39,1,50.44207570351577
0,39,2,41.41579624423473
0,40,0,47.21471408900211
0,40,1,50.48958115285397
0,40,2,41.3829148128109
0,41,0,47.22948383840363
0,41,1,50.521124900459085
0,41,2,41.35402315127283
0,42,0,47.24193207531982
0,42,1,50.535088696880784
0,42,2,41.3293734677495
0,43,0,47.24976855962054
0,43,1,50.531873738738184
0,43,2,41.30871355411192
0,44,0,47.252605146191364
0,44,1,50.513962598399374
0,44,2,41.291400686418456
0,45,0,47.25094403226565
0,45,1,50.484734482287244
0,45,2,41.27661966291024
0,46,0,47.245620373682016
0,46,1,50.447902478574875
0,46,2,41.263498331605724
0,47,0,47.23759625525015
0,47,1,50.40731430517329
0,47,2,41.25114013328506
0,48,0,47.22788342963799
0,48,1,50.36686345410443
0,48,2,41.238635491534666
0,49,0,47.21750836591591
0,49,1,50.33046226555355
0,49,2,41.22507808423937
100,0,0,44.118441880674766
100,0,1,41.51515204975117
100,0,2,15.227161497877525
100,1,0,46.44404184678392
100,1,1,46.35741214626296
100,1,2,32.757245476370045
100,2,0,47.47215915423351
100,2,1,48.11087293503074
100,2,2,39.32235487314678
100,3,0,48.016978768164094
100,3,1,48.7028614336194
100,3,2,41.77796711746879
100,4,0,48.37183170116351
100,4,1,48.860349954793065
100,4,2,42.69715998294933
100,5,0,48.63474758900297
100,5,1,48.860173589836336
100,5,2,43.047114219844815
100,6,0,48.830567719005714
100,6,1,48.81035924049203
100,6,2,43.192789635151215
100,7,0,48.96074165681232
100,7,1,48.754973912590756
100,7,2,43.27140046823453
100,8,0,49.026012580746155
100,8,1,48.71280787866023
100,8,2,43.330937858169094
100,9,0,49.02830098132599
100,9,1,48.69293652933664
100,9,2,43.38526186200498
100,10,0,48.97084446708921
100,10,1,48.699760910754065
100,10,2,43.43632180450694
100,11,0,48.85959582282387
100,11,1,48.7331033116584
100,11,2,43.4841632458531
100,12,0,48.70206041377573
100,12,1,48.790427307786366
100,12,2,43.52870157428406
100,13,0,48.506361694093144
100,13,1,48.86827426116967
100,13,2,43.56982939795134
100,14,0,48.280851222162326
100,14,1,48.96283953541342
100,14,2,43.607429562111165
100,15,0,48.033987250287204
100,15,1,49.07018790327692
100,15,2,43.64139467491505
100,16,0,47.77427953818024
100,16,1,49.18632624673212
100,16,2,43.67161083591763
100,17,0,47.51025808060727
100,17,1,49.30723990699293
100,17,2,43.69795763607671
100,18,0,47.25044183503229
100,18,1,49.42890210859683
100,18,2,43.72031792064847
100,19,0,47.0033460798187
100,19,1,49.54728203718915
100,19,2,43.738577789187566
100,20,0,46.777456660524976
100,20,1,49.65835022471261
100,20,2,43.752616832651775
100,21,0,46.581239187656294
100,21,1,49.75807047162303
100,21,2,43.76232115059574
100,22,0,46.42312432026198
100,22,1,49.84241869505264
100,22,2,43.767573588275674
100,23,0,46.31152616143862
100,23,1,49.90736946583631
100,23,2,43.76825699094778
100,24,0,46.25486801203435
100,24,1,49.94890004740365
100,24,2,43.764257458166725
100,25,0,46.2607141029047
100,25,1,49.96316002924887
100,25,2,43.7558125537185
100,26,0,46.33036867521615
100,26,1,49.94864694349627
100,26,2,43.744194708292625
100,27,0,46.45924021140658
100,27,1,49.907070587818026
100,27,2,43.730207733603436
100,28,0,46.64019861449253
100,28,1,49.84161091662486
100,28,2,43.7142877056417
100,29,0,46.86514434447961
100,29,1,49.75601332922693
100,29,2,43.696740528460666
100,30,0,47.12559155580932
100,30,1,49.65424401770469
100,30,2,43.677813528741645
100,31,0,47.41288516429506
100,31,1,49.54034322049446
100,31,2,43.65773125307692
100,32,0,47.718281787335584
100,32,1,49.41838617976441
100,32,2,43.63672150235719
100,33,0,48.03298653492111
100,33,1,49.292466985846076
100,33,2,43.61499580598095
100,34,0,48.348182442438144
100,34,1,49.166675690178806
100,34,2,43.59277871054049
100,35,0,48.655048866172635
100,35,1,49.0451063830941
100,35,2,43.570281745434315
100,36,0,48.944770681061414
100,36,1,48.93184373084182
100,36,2,43.54772294865779
100,37,0,49.20856955304744
100,37,1,48.83097374596918
100,37,2,43.52532035820633
100,38,0,49.437696580878544
100,38,1,48.74657167064438
100,38,2,43.503292012075306
100,39,0,49.623435975208054
100,39,1,48.6827060155487
100,39,2,43.48185269396168
100,40,0,49.75709770039357
100,40,1,48.64344663766084
100,40,2,43.461223696159266
100,41,0,49.83023822053363
100,41,1,48.632563169643774
100,41,2,43.44189316343386
100,42,0,49.83694154184626
100,42,1,48.65099801966328
100,42,2,43.42669233542706
100,43,0,49.778940520719104
100,43,1,48.696230919024636
100,43,2,43.418104241847544
100,44,0,49.66564629651423
100,44,1,48.76355790468338
100,44,2,43.41633064919849
100,45,0,49.50978119914333
100,45,1,48.84739588140611
100,45,2,43.42052218558744
100,46,0,49.32534052732939
100,46,1,48.94182383331714
100,46,2,43.4294259461155
100,47,0,49.126816258377815
100,47,1,49.040787461100194
100,47,2,43.44163607385721
100,48,0,48.92890272012761
100,48,1,49.13817592094907
100,48,2,43.45569789741049
100,49,0,48.746382538832435
100,49,1,49.227860867191595
100,49,2,43.47012420238889
200,0,0,44.118441880674766
200,0,1,41.51515204975117
200,0,2,15.227161497877525
200,1,0,46.64896407169745
200,1,1,46.20960215695156
200,1,2,32.7226848269519
200,2,0,47.901438453036405
200,2,1,47.80121107473825
200,2,2,39.25551971896361
200,3,0,48.68296588160637
200,3,1,48.222427135908255
200,3,2,41.67831073638292
200,4,0,49.27410905132585
200,4,1,48.2094663310344
200,4,2,42.565774192086906
200,5,0,49.758087378457844
200,5,1,48.04989374151703
200,5,2,42.88839232209798
200,6,0,50.14436350977296
200,6,1,47.86292938551338
200,6,2,43.015056125925966
200,7,0,50.4213078082409
200,7,1,47.702204365439044
200,7,2,43.0864814680568
200,8,0,50.582220631649626
200,8,1,47.59194126374861
200,8,2,43.152696678387414
200,9,0,50.62447142306252
200,9,1,47.54451659225318
200,9,2,43.22880495597143
200,10,0,50.54932579308966
200,10,1,47.565705966711434
200,10,2,43.31726655042845
200,11,0,50.36599988876075
200,11,1,47.65290564799115
200,11,2,43.41718978398629
200,12,0,50.08818732254869
200,12,1,47.79902872668583
200,12,2,43.52674574092245
200,13,0,49.731391824426844
200,13,1,47.99523137530862
200,13,2,43.64375729558148
200,14,0,49.31188605639618
200,14,1,48.231976423222086
200,14,2,43.76593342186261
200,15,0,48.8463289860218
200,15,1,48.49941435879673
200,15,2,43.89092777059158
200,16,0,48.351640797012166
200,16,1,48.78752738323061
200,16,2,44.01638748399728
200,17,0,47.844877799798326
200,17,1,49.08618864763402
200,17,2,44.1399531957117
200,18,0,47.343149651770176
200,18,1,49.38520802714041
200,18,2,44.25926879366527
200,19,0,46.86352921931153
200,19,1,49.674365778340885
200,19,2,44.3719814200869
200,20,0,46.42298267488846
200,20,1,49.9434529282056
200,20,2,44.4757447258023
200,21,0,46.0383124709899
200,21,1,50.18228877594965
200,21,2,44.56822212453258
200,22,0,45.726161019228186
200,22,1,50.380749165278104
200,22,2,44.647070521401915
200,23,0,45.50304748134522
200,23,1,50.52874763622265
200,23,2,44.70995983872825
200,24,0,45.385459746727705
200,24,1,50.61623273254684
200,24,2,44.75455999882955
200,25,0,45.38855203079096
200,25,1,50.63372113550845
200,25,2,44.77903883168486
200,26,0,45.51602366919904
200,26,1,50.577992501775356
200,26,2,44.78404719698189
200,27,0,45.75954333861907
200,27,1,50.453594623896024
200,27,2,44.771436790532235
200,28,0,46.10548916904006
200,28,1,50.268610671337825
200,28,2,44.74346934975073
200,29,0,46.53815140085447
200,29,1,50.03249434430066
200,29,2,44.70254654688508
200,30,0,47.040891301550545
200,30,1,49.75525671009957
200,30,2,44.651128631554876
200,31,0,47.59655138543046
200,31,1,49.44716328625436
200,31,2,44.59169212487191
200,32,0,48.18765224549292
200,32,1,49.11860614223852
200,32,2,44.526723310843295
200,33,0,48.79651028465277
200,33,1,48.78003658461026
200,33,2,44.458727999266756
200,34,0,49.40536096561139
200,34,1,48.44191265141465
200,34,2,44.39019898274629
200,35,0,49.9965114935321
200,35,1,48.11464526028851
200,35,2,44.323642071079625
200,36,0,50.55243463310567
200,36,1,47.80856185843112
200,36,2,44.26156632836294
200,37,0,51.05587908156869
200,37,1,47.53388218925135
200,37,2,44.20648081869241
200,38,0,51.4898878642066
200,38,1,47.30070752198871
200,38,2,44.16089460616422
200,39,0,51.837772580649414
200,39,1,47.11904353876873
200,39,2,44.127326517769845
200,40,0,52.08301406915524
200,40,1,46.998854186498164
200,40,2,44.108279109008606
200,41,0,52.209799555299426
200,41,1,46.9494868078839
200,41,2,44.10641765030171
200,42,0,52.209067414277904
200,42,1,46.97436503716239
200,42,2,44.125520382136415
200,43,0,52.08625167769262
200,43,1,47.06829351274557
200,43,2,44.16704848451165
200,44,0,51.859821430609145
200,44,1,47.21986236434094
200,44,2,44.22861655667191
200,45,0,51.55385270742366
200,45,1,47.41504451954995
200,45,2,44.306140454076726
200,46,0,51.19468786850854
200,46,1,47.63874798474678
200,46,2,44.39488842679634
200,47,0,50.809717817910204
200,47,1,47.87541360111484
200,47,2,44.48988790681655
200,48,0,50.42688900386728
200,48,1,48.10922237444329
200,48,2,44.58608822296061
200,49,0,50.07448267277396
200,49,1,48.324219334485946
200,49,2,44.67841266966427
300,0,0,44.118441880674766
300,0,1,41.51515204975117
300,0,2,15.227161497877525
300,1,0,46.82926023667348
300,1,1,46.08068879766089
300,1,2,32.456930680708055
300,2,0,48.29103865175327
300,2,1,47.52291794339151
300,2,2,38.86878377396562
300,3,0,49.297199086758404
300,3,1,47.78389499784123
300,3,2,41.22212480840632
300,4,0,50.11309115458229
300,4,1,47.61066556770473
300,4,2,42.058769139692814
300,5,0,50.80646917207098
300,5,1,47.301901687764456
300,5,2,42.338936573721305
300,6,0,51.37167468248527
300,6,1,46.98778492944271
300,6,2,42.42972661871116
300,7,0,51.78475674084971
300,7,1,46.73094908573278
300,7,2,42.473405812354315
300,8,0,52.03246690586529
300,8,1,46.56043917630317
300,8,2,42.52307616942298
300,9,0,52.10836675146334
300,9,1,46.491379505916825
300,9,2,42.59753614484784
300,10,0,52.012125158588915
300,10,1,46.53062945972304
300,10,2,42.702239942812014
300,11,0,51.755971457671855
300,11,1,46.67331274861273
300,11,2,42.83642443033165
300,12,0,51.359165740409004
300,12,1,46.90822817838726
300,12,2,42.996724662821215
300,13,0,50.84385619247658
300,13,1,47.22167582691132
300,13,2,43.17877011747764
300,14,0,50.23358169958163
300,14,1,47.598877387848546
300,14,2,43.37781602717742
300,15,0,49.55276413157775
300,15,1,48.024448721041715
300,15,2,43.58897118136731
300,16,0,48.82648391732787
300,16,1,48.48257621746949
300,16,2,43.8072890464206
300,17,0,48.080297929223974
300,17,1,48.95712854192896
300,17,2,44.02782308871059
300,18,0,47.33996906929225
300,18,1,49.43176299052858
300,18,2,44.2456202660137
300,19,0,46.631216090351586
300,19,1,49.89006685191309
300,19,2,44.45575031619542
300,20,0,45.97944686121923
300,20,1,50.315690690704066
300,20,2,44.653299248613436
300,21,0,45.40960568403551
300,21,1,50.69243047164007
300,21,2,44.833385615609814
300,22,0,44.94613098460677
300,22,1,51.00430025963519
300,22,2,44.9911507496157
300,23,0,44.61307672272555
300,23,1,51.23549183085761
300,23,2,45.12175225455441
300,24,0,44.43437544786425
300,24,1,51.37030197267114
300,24,2,45.22036400584149
300,25,0,44.432236050859146
300,25,1,51.39397257320009
300,25,2,45.282667549448874
300,26,0,44.61262787245105
300,26,1,51.301656961877725
300,26,2,45.30801202568885
300,27,0,44.9638716077514
300,27,1,51.10054436671136
300,27,2,45.29912453665298
300,28,0,45.466456986221836
300,28,1,50.803263057122095
300,28,2,45.260167330044254
300,29,0,46.09764532653812
300,29,1,50.42462499688079
300,29,2,45.195839612808044
300,30,0,46.83303315434971
300,30,1,49.980441102414005
300,30,2,45.11104235839291
300,31,0,47.64709303006949
300,31,1,49.48707831096612
300,31,2,45.01074813481307
300,32,0,48.513480753774786
300,32,1,48.961269752668755
300,32,2,44.89998483315618
300,33,0,49.40532417460528
300,33,1,48.41993030779978
300,33,2,44.783786853106804
300,34,0,50.295600298575636
300,34,1,47.87999235850302
300,34,2,44.66721788303542
300,35,0,51.15754734784386
300,35,1,47.35821326826293
300,35,2,44.55535462850628
300,36,0,51.96504370807421
300,36,1,46.87101651881383
300,36,2,44.45328030368051
300,37,0,52.692847069976914
300,37,1,46.43439746932329
300,37,2,44.36609113991299
300,38,0,53.31669376502461
300,38,1,46.063892391552415
300,38,2,44.298889877155474
300,39,0,53.813173676031646
300,39,1,45.774672710672476
300,39,2,44.25677600106129
300,40,0,54.15935864799233
300,40,1,45.58172540911367
300,40,2,44.244845742985305
300,41,0,54.333394823279306
300,41,1,45.49918795565968
300,41,2,44.26804889085267
300,42,0,54.323641527560426
300,42,1,45.53265960111246
300,42,2,44.32993913855836
300,43,0,54.13878143827687
300,43,1,45.674652239446395
300,43,2,44.429572739555155
300,44,0,53.805123803895505
300,44,1,45.90783094560118
300,44,2,44.56142714939274
300,45,0,53.35664143945523
300,45,1,46.21063072814961
300,45,2,44.71801422736384
300,46,0,52.830710328059816
300,46,1,46.55962601268587
300,46,2,44.89110385271719
300,47,0,52.26660118962751
300,47,1,46.93037477028244
300,47,2,45.07220881512485
300,48,0,51.70486875018969
300,48,1,47.29777932518798
300,48,2,45.25277356399171
300,49,0,51.18693968262247
300,49,1,47.63630984019224
300,49,2,45.42424254872262
400,0,0,44.118441880674766
400,0,1,41.51515204975117
400,0,2,15.227161497877525
400,1,0,46.98838869628603
400,1,1,45.96702090989733
400,1,2,32.158394359142775
400,2,0,48.64515944373116
400,2,1,47.27117379637141
400,2,2,38.45175519195172
400,3,0,49.863460499047946
400,3,1,47.382279680221494
400,3,2,40.751649255985754
400,4,0,50.89159620200059
400,4,1,47.05923697027269
400,4,2,41.55752744983352
400,5,0,51.78148969950744
400,5,1,46.61194851404845
400,5,2,41.81447871880089
400,6,0,52.51289122180737
400,6,1,46.181122582182525
400,6,2,41.884691834763345
400,7,0,53.05059545515692
400,7,1,45.837656540984476
400,7,2,41.90995658069158
400,8,0,53.375850023743524
400,8,1,45.614684115264794
400,8,2,41.94579454224689
400,9,0,53.47925850460753
400,9,1,45.52949984116242
400,9,2,42.01472058317687
400,10,0,53.3592867127943
400,10,1,45.58977222855182
400,10,2,42.125542462205644
400,11,0,53.03080925207276
400,11,1,45.788612273741336
400,11,2,42.27830573951137
400,12,0,52.517828574826886
400,12,1,46.11128475191074
400,12,2,42.468924643404335
400,13,0,51.84821386818249
400,13,1,46.5398852542081
400,13,2,42.69171554166151
400,14,0,51.0519498021165
400,14,1,47.05497997795825
400,14,2,42.9403764853565
400,15,0,50.16065456727699
400,15,1,47.636066160366525
400,15,2,43.208367961776894
400,16,0,49.2073480916447
400,16,1,48.26174440458345
400,16,2,43.48904794780947
400,17,0,48.226109884176225
400,17,1,48.90990446874309
400,17,2,43.77574838595349
400,18,0,47.25153636746397
400,18,1,49.55797298468093
400,18,2,44.06179796440979
400,19,0,46.318143023886904
400,19,1,50.18324733968396
400,19,2,44.340551405766696
400,20,0,45.45980701186805
400,20,1,50.76322148045665
400,20,2,44.6053927212985
400,21,0,44.70936246480731
400,21,1,51.275818822567544
400,21,2,44.84975799105452
400,22,0,44.09852506951893
400,22,1,51.69952284129514
400,22,2,45.0671321095606
400,23,0,43.65813856597242
400,23,1,52.013290908595565
400,23,2,45.25104227722236
400,24,0,43.41874868698787
400,24,1,52.196322729953266
400,24,2,45.39504172883288
400,25,0,43.408919969706474
400,25,1,52.229064682226266
400,25,2,45.49313279236978
400,26,0,43.63675379367292
400,26,1,52.105178397351196
400,26,2,45.54347353491679
400,27,0,44.087728748776925
400,27,1,51.83416873482835
400,27,2,45.54918157437813
400,28,0,44.73727028248952
400,28,1,51.432697471028234
400,28,2,45.51558094299938
400,29,0,45.55639076109928
400,29,1,50.920404392125135
400,29,2,45.4488125019342
400,30,0,46.51347935215934
400,30,1,50.31850175963277
400,30,2,45.35533603358327
400,31,0,47.57483365452569
400,31,1,49.649289643347586
400,31,2,45.241721966494154
400,32,0,48.70507359717587
400,32,1,48.93586781370958
400,32,2,45.1146058151832
400,33,0,49.86772457665571
400,33,1,48.20180186005207
400,33,2,44.980655637151145
400,34,0,51.0260452547168
400,34,1,47.47071930138786
400,34,2,44.846575287181544
400,35,0,52.14392525886544
400,35,1,46.76585049900274
400,35,2,44.71909140014702
400,36,0,53.18671114044976
400,36,1,46.109640922810186
400,36,2,44.60494688241241
400,37,0,54.12175088155009
400,37,1,45.523496701146584
400,37,2,44.510900911834725
400,38,0,54.91855945450646
400,38,1,45.02774288555244
400,38,2,44.4437159205694
400,39,0,55.54845827005871
400,39,1,44.641826741676766
400,39,2,44.410151086473476
400,40,0,55.983776812514016
400,40,1,44.38476202741229
400,40,2,44.41695582450863
400,41,0,56.19815432599695
400,41,1,44.27456354799609
400,41,2,44.47046625373486
400,42,0,56.1780627575621
400,42,1,44.318658826071655
400,42,2,44.573289067201515
400,43,0,55.93485581169398
400,43,1,44.50765205222643
400,43,2,44.722196000857465
400,44,0,55.50126644652568
400,44,1,44.81920007514781
400,44,2,44.90950040179071
400,45,0,54.9194718714579
400,45,1,45.225259520417765
400,45,2,45.12564114118856
400,46,0,54.236321753666864
400,46,1,45.69500017804237
400,46,2,45.360389959058445
400,47,0,53.50180035404909
400,47,1,46.19579991621543
400,47,2,45.60329730311395
400,48,0,52.76832381900474
400,48,1,46.69370511502224
400,48,2,45.843877823785846
400,49,0,52.090107375132604
400,49,1,47.15383455565355
400,49,2,46.07170149457835
500,0,0,44.118441880674766
500,0,1,41.51515204975117
500,0,2,15.227161497877525
500,1,0,47.13036334930135
500,1,1,45.86450709592415
500,1,2,31.8593113154398
500,2,0,48.9691152898022
500,2,1,47.04018282345855
500,2,2,38.0448019179038
500,3,0,50.387279806692845
500,3,1,47.01098567218616
500,3,2,40.306399397912145
500,4,0,51.61492209846011
500,4,1,46.54815017382175
500,4,2,41.09782362524478
500,5,0,52.68806423918304
500,5,1,45.972680744081366
500,5,2,41.346884847647715
500,6,0,53.57261936170381
500,6,1,45.43522671345006
500,6,2,41.40917374691213
500,7,0,54.223338207611825
500,7,1,45.0140927764202
500,7,2,41.424750446388586
500,8,0,54.617127062373925
500,8,1,44.7457326271405
500,8,2,41.450965447460895
500,9,0,54.742499773883615
500,9,1,44.649041549334285
500,9,2,41.51382873039972
500,10,0,54.597050210341514
500,10,1,44.73229927188639
500,10,2,41.6255016084702
500,11,0,54.19782732397746
500,11,1,44.98693795827273
500,11,2,41.78719305354228
500,12,0,53.57266351091114
500,12,1,45.39533188319899
500,12,2,41.99468061339184
500,13,0,52.75409673694329
500,13,1,45.93610992206065
500,13,2,42.24161677891436
500,14,0,51.77765239757051
500,14,1,46.58580341893571
500,14,2,42.52082582205268
500,15,0,50.681578422741296
500,15,1,47.319201609092914
500,15,2,42.82480333060734
500,16,0,49.50660981441694
500,16,1,48.109480863540185
500,16,2,43.14590821184445
500,17,0,48.295446214284844
500,17,1,48.92848202628484
500,17,2,43.476437541359815
500,18,0,47.09179349804943
500,18,1,49.7472246999326
500,18,2,43.808675377555446
500,19,0,45.939219575142204
500,19,1,50.53654000545605
500,19,2,44.134922050325585
500,20,0,44.88009848684652
500,20,1,51.26772488272111
500,20,2,44.44752019544415
500,21,0,43.95486906752453
500,21,1,51.91302137235425
500,21,2,44.73887102605696
500,22,0,43.20188042239151
500,22,1,52.44580509737557
500,22,2,45.00144734987549
500,23,0,42.657846296441306
500,23,1,52.84043717048708
500,23,2,45.2277805519831
500,24,0,42.35891017407311
500,24,1,53.07174452328414
500,24,2,45.410457340536624
500,25,0,42.33914604559261
500,25,1,53.11600001074788
500,25,2,45.54237358204454
500,26,0,42.60861625116998
500,26,1,52.96553243040907
500,26,2,45.620655730985554
500,27,0,43.150582722576985
500,27,1,52.63176915442614
500,27,2,45.648476728337315
500,28,0,43.93637790785532
500,28,1,52.13471616186064
500,28,2,45.631778923048756
500,29,0,44.93178801087608
500,29,1,51.49813560146333
500,29,2,45.577539530972274
500,30,0,46.09871410526552
500,30,1,50.748091790504176
500,30,2,45.493113266579144
500,31,0,47.39558603322371
500,31,1,49.91251501442132
500,31,2,45.3860110506657
500,32,0,48.777842528154245
500,32,1,49.02087572285522
500,32,2,45.26380238140019
500,33,0,50.198961362835256
500,33,1,48.10360158288327
500,33,2,45.134108825725846
500,34,0,51.611912594160586
500,34,1,47.191303358026495
500,34,2,45.004581239271886
500,35,0,52.970873024024385
500,35,1,46.313907892737056
500,35,2,44.882899766353425
500,36,0,54.23269783956536
500,36,1,45.499875913620684
500,36,2,44.77677383997157
500,37,0,55.35791764943228
500,37,1,44.77572813275903
500,37,2,44.6939194017243
500,38,0,56.310904043311446
500,38,1,44.16595908467738
500,38,2,44.642055647508
500,39,0,57.05919999561556
500,39,1,43.69343024517953
500,39,2,44.6289017732191
500,40,0,57.57207765804433
500,40,1,43.38021550610214
500,40,2,44.66215094036649
500,41,0,57.8201630913222
500,41,1,43.24733460843365
500,41,2,44.748832433577576
500,42,0,57.78869574379917
500,42,1,43.303689270448274
500,42,2,44.8902284464372
500,43,0,57.491159519213326
500,43,1,43.538375829668254
500,43,2,45.08103447249039
500,44,0,56.965246803320966
500,44,1,43.92495704444948
500,44,2,45.31214823900434
500,45,0,56.25961002259753
500,45,1,44.42994780636538
500,45,2,45.57295747877069
500,46,0,55.42899787323036
500,46,1,45.016027405754755
500,46,2,45.85230645674187
500,47,0,54.53292348669759
500,47,1,45.64304117697229
500,47,2,46.138902757335856
500,48,0,53.634961721551555
500,48,1,46.26854170993511
500,48,2,46.42147349076127
500,49,0,52.8017668435557
500,49,1,46.84844584324405
500,49,2,46.68884014188144
600,0,0,44.118441880674766
600,0,1,41.51515204975117
600,0,2,15.227161497877525
600,1,0,47.25919073628446
600,1,1,45.76938714715998
600,1,2,31.563495587369204
600,2,0,49.2684689900897
600,2,1,46.824348466445755
600,2,2,37.647832831465564
600,3,0,50.87485261512145
600,3,1,46.66330975908196
600,3,2,39.8793394409612
600,4,0,52.28954406103563
600,4,1,46.06985379634949
600,4,2,40.66482294649414
600,5,0,53.532866679605554
600,5,1,45.37577422116486
600,5,2,40.91394274626897
600,6,0,54.557805244127536
600,6,1,44.740953271442756
600,6,2,40.97492341756106
600,7,0,55.31040574414613
600,7,1,44.250188833937585
600,7,2,40.985481988845166
600,8,0,55.76438100579813
600,8,1,43.942479104845575
600,8,2,41.0044952274728
600,9,0,55.90697190816574
600,9,1,43.8378017909833
600,9,2,41.061299006718926
600,10,0,55.73516894694943
600,10,1,43.94490378642632
600,10,2,41.17135287131619
600,11,0,55.2676950651569
600,11,1,44.25392346286873
600,11,2,41.337214699837354
600,12,0,54.53521556637804
600,12,1,44.745043322882125
600,12,2,41.55480197489118
600,13,0,53.573848181307774
600,13,1,45.3941740674525
600,13,2,41.81743850323082
600,14,0,52.423746614010916
600,14,1,46.17444898607161
600,14,2,42.11743763194426
600,15,0,51.12918884033684
600,15,1,47.05633973831169
600,15,2,42.44669941221778
600,16,0,49.738463055800544
600,16,1,48.00769539644939
600,16,2,42.79693677307743
600,17,0,48.30306563164954
600,17,1,48.99417864581683
600,17,2,43.159778031789855
600,18,0,46.876172448560084
600,18,1,49.98011799104289
600,18,2,43.526814081189656
600,19,0,45.510716566568156
600,19,1,50.92964537733903
600,19,2,43.88964883130521
600,20,0,44.25761489857507
600,20,1,51.80780553954011
600,20,2,44.23992198944768
600,21,0,43.164568823548436
600,21,1,52.58137185831645
600,21,2,44.56933184030015
600,22,0,42.27579745172784
600,22,1,53.219158701165924
600,22,2,44.869658026006675
600,23,0,41.6328286312562
600,23,1,53.69168754066378
600,23,2,45.132768054769144
600,24,0,41.27624836052007
600,24,1,53.970274164839275
600,24,2,45.350601029355076
600,25,0,41.24467431907934
600,25,1,54.02776375554494
600,25,2,45.51524249596176
600,26,0,41.54992745719605
600,26,1,53.85532729456506
600,26,2,45.622865399625375
600,27,0,42.173722644835195
600,27,1,53.46587577377042
600,27,2,45.67652552657979
600,28,0,43.08443249359719
600,28,1,52.88197044464917
600,28,2,45.682516690005286
600,29,0,44.243775961628046
600,29,1,52.13062880301604
600,29,2,45.64833028490758
600,30,0,45.60808764333006
600,30,1,51.24205637688077
600,30,2,45.58189703658158
600,31,0,47.12836927677037
600,31,1,50.24941516329883
600,31,2,45.49131363954258
600,32,0,48.7508195341689
600,32,1,49.1884574354841
600,32,2,45.3847548914684
600,33,0,50.418379244154806
600,33,1,48.09668026805451
600,33,2,45.270434641618095
600,34,0,52.07315407951865
600,34,1,47.01202501376325
600,34,2,45.15660579083203
600,35,0,53.65916284536852
600,35,1,45.97139906897594
600,35,2,45.05154727433805
600,36,0,55.12477304373433
600,36,1,45.00936054113075
600,36,2,44.96356080745307
600,37,0,56.42420562571754
600,37,1,44.1572996999315
600,37,2,44.90096112268777
600,38,0,57.51775205842723
600,38,1,43.44333127355735
600,38,2,44.87206620685126
600,39,0,58.370600691885265
600,39,1,42.89295009548667
600,39,2,44.885171266663576
600,40,0,58.95046373913245
600,40,1,42.53040567412166
600,40,2,44.948545474457276
600,41,0,59.226333740222074
600,41,1,42.37894587261404
600,41,2,45.06956632479269
600,42,0,59.18278790539422
600,42,1,42.44863830276883
600,42,2,45.24798974528693
600,43,0,58.834906868052016
600,43,1,42.727443027119826
600,43,2,45.47657166761563
600,44,0,58.223973816147755
600,44,1,43.185680919932736
600,44,2,45.74519773223156
600,45,0,57.403504947164194
600,45,1,43.78539716548056
600,45,2,46.042695932594924
600,46,0,56.434665308753665
600,46,1,44.48361795140498
600,46,2,46.35755906942676
600,47,0,55.385385814591515
600,47,1,45.23320806014719
600,47,2,46.67822136607623
600,48,0,54.32974883457413
600,48,1,45.983521130582275
600,48,2,46.9932049119503
600,49,0,53.346597494788114
600,49,1,46.68135418286136
600,49,2,47.291181494184144
700,0,0,44.118441880674766
700,0,1,41.51515204975117
700,0,2,15.227161497877525
700,1,0,47.37848557358532
700,1,1,45.67872209642506
700,1,2,31.2716061703648
700,2,0,49.548426471957775
700,2,1,46.619113508702924
700,2,2,37.25849182056746
700,3,0,51.33221264933526
700,3,1,46.333569219669414
700,3,2,39.46364023985949
700,4,0,52.922084470826334
700,4,1,45.617715976963765
700,4,2,40.2468473636346
700,5,0,54.32308230426761
700,5,1,44.81367756329651
700,5,2,40.49940695685906
700,6,0,55.47629271158048
700,6,1,44.089803080802916
700,6,2,40.5619171484173
700,7,0,56.32039244378635
700,7,1,43.53642639106253
700,7,2,40.56953057961445
700,8,0,56.827048747082486
700,8,1,43.1943483824629
700,8,2,40.58249570459392
700,9,0,56.98297638916377
700,9,1,43.08414586415455
700,9,2,40.63336852493565
700,10,0,56.784761164663486
700,10,1,43.21494134718198
700,10,2,40.740864510960165
700,11,0,56.25224814227558
700,11,1,43.57598464696868
700,11,2,40.90892949952428
700,12,0,55.41796425049897
700,12,1,44.14596791488701
700,12,2,41.13375270715637
700,13,0,54.32051429204136
700,13,1,44.89885241331722
700,13,2,41.40847732704627
700,14,0,53.0037494670813
700,14,1,45.80500748323067
700,14,2,41.725060360602924
700,15,0,51.517411215875
700,15,1,46.8309534013903
700,15,2,42.07496741017104
700,16,0,49.91721215896979
700,16,1,47.939276563615756
700,16,2,42.44943627720466
700,17,0,48.26370661331663
700,17,1,49.08924339638843
700,17,2,42.839584354115544
700,18,0,46.619961721583564
700,18,1,50.23816819498926
700,18,2,43.236475337391255
700,19,0,45.04863072761994
700,19,1,51.34318485085029
700,19,2,43.63115990632558
700,20,0,43.60921756515239
700,20,1,52.36302396409586
700,20,2,44.01471152030139
700,21,0,42.3562851357874
700,21,1,53.25927028529511
700,21,2,44.37827848756562
700,22,0,41.33908004074904
700,22,1,53.99677198986548
700,22,2,44.71309372812465
700,23,0,40.60278899373753
700,23,1,54.543067155388925
700,23,2,45.010481282341104
700,24,0,40.191191452469496
700,24,1,54.866908219683864
700,24,2,45.261862819530776
700,25,0,40.14640024208494
700,25,1,54.938515084712506
700,25,2,45.458650246114146
700,26,0,40.48177049780057
700,26,1,54.74814325004097
700,26,2,45.596079269177096
700,27,0,41.17815250093787
700,27,1,54.30970804538528
700,27,2,45.67703319713621
700,28,0,42.20215289480413
700,28,1,53.647469749526664
700,28,2,45.708027135465635
700,29,0,43.51272027478552
700,29,1,52.7907534119886
700,29,2,45.696942994983694
700,30,0,45.06168049748598
700,30,1,51.773081837524266
700,30,2,45.652147576976084
700,31,0,46.7931921738368
700,31,1,50.63232367882837
700,31,2,45.58218666914262
700,32,0,48.644224952176046
700,32,1,49.410382441842415
700,32,2,45.49568090804721
700,33,0,50.54676881816525
700,33,1,48.15200770516846
700,33,2,45.4012964904319
700,34,0,52.431428576085985
700,34,1,46.902832218489635
700,34,2,45.30773541032157
700,35,0,54.23160514668399
700,35,1,45.70708050442994
700,35,2,45.223715933233265
700,36,0,55.88710844396875
700,36,1,44.60553460321363
700,36,2,45.15798561337001
700,37,0,57.346339081875655
700,37,1,43.63427932350737
700,37,2,45.11929851353169
700,38,0,58.56645761289411
700,38,1,42.82455549600587
700,38,2,45.11639567932444
700,39,0,59.51155601506401
700,39,1,42.203780466845615
700,39,2,45.158008393459085
700,40,0,60.14914415089255
700,40,1,41.79758773813508
700,40,2,45.252802852677654
700,41,0,60.44772524005182
700,41,1,41.63075860574142
700,41,2,45.40833553795464
700,42,0,60.39172197055625
700,42,1,41.71426000811924
700,42,2,45.62278078786598
700,43,0,59.997300310489116
700,43,1,42.0352549997536
700,43,2,45.88701354958976
700,44,0,59.3081238258978
700,44,1,42.561619578868765
700,44,2,46.1900798545816
700,45,0,58.38110452412872
700,45,1,43.251823163897384
700,45,2,46.52047901215942
700,46,0,57.28248093257631
700,46,1,44.05798468853235
700,46,2,46.866573651106705
700,47,0,56.087626785451306
700,47,1,44.92649055222398
700,47,2,47.216778468981964
700,48,0,54.88055066609766
700,48,1,45.798702772601786
700,48,2,47.559661115370325
700,49,0,53.75206013578786
700,49,1,46.61235644215448
700,49,2,47.88398775206168
800,0,0,44.118441880674766
800,0,1,41.51515204975117
800,0,2,15.227161497877525
800,1,0,47.49125552595318
800,1,1,45.59055846622154
800,1,2,30.983989647210308
800,2,0,49.813446805346544
800,2,1,46.42130203471146
800,2,2,36.87572611966458
800,3,0,51.76472403802463
800,3,1,46.01764169137204
800,3,2,39.0561255993309
800,4,0,53.5186359184435
800,4,1,45.186762146846775
800,4,2,39.83841826524477
800,5,0,55.065535844801985
800,5,1,44.280577458390965
800,5,2,40.09562987808723
800,6,0,56.33571221872917
800,6,1,43.475090428743215
800,6,2,40.16072398260573
800,7,0,57.26183381994925
800,7,1,42.86522983243975
800,7,2,40.16623025556388
800,8,0,57.81456717929338
800,8,1,42.49286686428498
800,8,2,40.17369561618207
800,9,0,57.98076687027963
800,9,1,42.37874796689923
800,9,2,40.21881646403355
800,10,0,57.75676482959919
800,10,1,42.532293183047926
800,10,2,40.32350399050553
800,11,0,57.16299110294308
800,11,1,42.94227843147692
800,11,2,40.49310012648502
800,12,0,56.232873998459816
800,12,1,43.58660424069933
800,12,2,40.724099992553604
800,13,0,55.00642741439101
800,13,1,44.43803366842753
800,13,2,41.00953288145578
800,14,0,53.53030234647992
800,14,1,45.46479813539399
800,14,2,41.341072670636336
800,15,0,51.859162871599835
800,15,1,46.62983542103443
800,15,2,41.70981885386564
800,16,0,50.05605773691574
800,16,1,47.89050020955116
800,16,2,42.10659919099444
800,17,0,48.1908861749297
800,17,1,49.199417642451806
800,17,2,42.52209011699608
800,18,0,46.337099589783364
800,18,1,50.50649064794233
800,18,2,42.94688508223374
800,19,0,44.56744851695206
800,19,1,51.76155483935973
800,19,2,43.371538485489324
800,20,0,42.950057022893205
800,20,1,52.9169660987357
800,20,2,43.78663401423067
800,21,0,41.54588964427584
800,21,1,53.929414039367
800,21,2,44.18280254325301
800,22,0,40.40832829141044
800,22,1,54.76043494511714
800,22,2,44.550772576304695
800,23,0,39.585017317205136
800,23,1,55.375490903008654
800,23,2,44.88138000898259
800,24,0,39.12163459529167
800,24,1,55.741740334762454
800,24,2,45.165574637328874
800,25,0,39.06272667586397
800,25,1,55.82762064461011
800,25,2,45.394133779568506
800,26,0,39.42291246519855
800,26,1,55.62270341304887
800,26,2,45.56137868492608
800,27,0,40.182856450036034
800,27,1,55.14146133690994
800,27,2,45.66998438671816
800,28,0,41.30859317353875
800,28,1,54.408994784539445
800,28,2,45.72666124832517
800,29,0,42.757647419156555
800,29,1,53.45594817689291
800,29,2,45.73961986470776
800,30,0,44.4785062596892
800,30,1,52.31827303919641
800,30,2,45.71761104436737
800,31,0,46.40918236849785
800,31,1,51.03794692374731
800,31,2,45.66958085371177
800,32,0,48.47755065721101
800,32,1,49.662817239418274
800,32,2,45.60454695371438
800,33,0,50.6042510861063
800,33,1,48.24505839486011
800,33,2,45.531569311228324
800,34,0,52.70778053935561
800,34,1,46.83837015365478
800,34,2,45.45973718179265
800,35,0,54.710410658357375
800,35,1,45.49466305016669
800,35,2,45.39816260103551
800,36,0,56.54332018708848
800,36,1,44.26109653530749
800,36,2,45.355964113181926
800,37,0,58.14950514068725
800,37,1,43.17830051769751
800,37,2,45.342279788247524
800,38,0,59.48385238746569
800,38,1,42.28018957462745
800,38,2,45.36622166186045
800,39,0,60.51046862186613
800,39,1,41.595442532878536
800,39,2,45.43686597236602
800,40,0,61.19780923525272
800,40,1,41.150353926572635
800,40,2,45.56322387214078
800,41,0,61.514881484081194
800,41,1,40.970615148605546
800,41,2,45.75296248830611
800,42,0,61.446332481503255
800,42,1,41.067851476850514
800,42,2,46.002638773113944
800,43,0,61.00897203820902
800,43,1,41.428757454304495
800,43,2,46.30130526661677
800,44,0,60.24777715916392
800,44,1,42.01948312595104
800,44,2,46.63722371434649
800,45,0,59.2217569390624
800,45,1,42.79575819505523
800,45,2,46.99864609893967
800,46,0,58.00103871464441
800,46,1,43.70549441599854
800,46,2,47.37389599759856
800,47,0,56.667556056509476
800,47,1,44.68904139078097
800,47,2,47.75146295674574
800,48,0,55.31476179926916
800,48,1,45.679949919635305
800,48,2,48.12004805220233
800,49,0,54.04524766345189
800,49,1,46.60691066925381
800,49,2,48.46860294076921
900,0,0,44.118441880674766
900,0,1,41.51515204975117
900,0,2,15.227161497877525
900,1,0,47.59983682227578
900,1,1,45.50381248715877
900,1,2,30.700932396168323
900,2,0,50.067124471552624
900,2,1,46.229029228139865
900,2,2,36.49929653782169
900,3,0,52.17683849292846
900,3,1,45.712932859139265
900,3,2,38.655724855189135
900,4,0,54.08440801035182
900,4,1,44.77371811077121
900,4,2,39.437540766381744
900,5,0,55.76622791430468
900,5,1,43.772515792152106
900,5,2,39.69974772732749
900,6,0,57.14291793001128
900,6,1,42.89215578003268
900,6,2,39.76776419184388
900,7,0,58.142455983917216
900,7,1,42.231234163011365
900,7,2,39.771500126451414
900,8,0,58.735497569551804
900,8,1,41.832003138050986
900,8,2,39.7737651181647
900,9,0,58.90961468505222
900,9,1,41.71497219943307
900,9,2,39.813327624283005
900,10,0,58.6609957821858
900,10,1,41.88980237715397
900,10,2,39.91521970839621
900,11,0,58.01013345135397
900,11,1,42.345194197306306
900,11,2,40.0861647510785
900,12,0,56.990426567900364
900,12,1,43.058918943854735
900,12,2,40.322984929904564
900,13,0,55.642301089334985
900,13,1,44.00328462599731
900,13,2,40.618616790113386
900,14,0,54.014321143718625
900,14,1,45.14501481140131
900,14,2,40.96447711957309
900,15,0,52.16553629585249
900,15,1,46.44382155098081
900,15,2,41.351343236508626
900,16,0,50.16626887480887
900,16,1,47.85184801178151
900,16,2,41.769663775002655
900,17,0,48.096101505897096
900,17,1,49.314808790861306
900,17,2,42.20969861982837
900,18,0,46.03937021241546
900,18,1,50.774786174947806
900,18,2,42.66160026391052
900,19,0,44.07932568298216
900,19,1,52.173979578640655
900,19,2,43.11546099565272
900,20,0,42.2927176354363
900,20,1,53.458339201039166
900,20,2,43.56137147630937
900,21,0,40.74642660022888
900,21,1,54.57998262953883
900,21,2,43.989477690208325
900,22,0,39.49702978655074
900,22,1,55.49781279032858
900,22,2,44.390010233436854
900,23,0,38.59342244151763
900,23,1,56.17609895095258
900,23,2,44.753326619721314
900,24,0,38.08193180001908
900,24,1,56.58138562152661
900,24,2,45.069914534725626
900,25,0,38.00848039587743
900,25,1,56.681140872168896
900,25,2,45.329929725672955
900,26,0,38.38867497388311
900,26,1,56.464497390430935
900,26,2,45.52679200112043
900,27,0,39.20360495689732
900,27,1,55.94605981028713
900,27,2,45.66296161068762
900,28,0,40.419875148677015
900,28,1,55.15096081122073
900,28,2,45.74532464987067
900,29,0,41.99494226931077
900,29,1,54.11016792555834
900,29,2,45.78241063487718
900,30,0,43.87516687144535
900,30,1,52.86116207234935
900,30,2,45.78334136423062
900,31,0,45.993225093006174
900,31,1,51.44938617334633
900,31,2,45.75744040295765
900,32,0,48.268099459445764
900,32,1,49.928398630906386
900,32,2,45.71410616494897
900,33,0,50.60875798435437
900,33,1,48.357930620872295
900,33,2,45.66277286137818
900,34,0,52.920984419743746
900,34,1,46.8001231913964
900,34,2,45.61290073780632
900,35,0,55.11543180728385
900,35,1,45.31495254444457
900,35,2,45.57396305698823
900,36,0,57.114518952397546
900,36,1,43.95613056027519
900,36,2,45.55544609887248
900,37,0,58.856212539688386
900,37,1,42.768688193642674
900,37,2,45.56682963481077
900,38,0,60.29391675992228
900,38,1,41.78878295327219
900,38,2,45.61757716466262
900,39,0,61.39272062740462
900,39,1,41.04573046460554
900,39,2,45.71709035661719
900,40,0,62.12300738221952
900,40,1,40.5658185302777
900,40,2,45.874679758507384
900,41,0,62.45509404064013
900,41,1,40.37507781012414
900,41,2,46.0980808377218
900,42,0,62.37415750630607
900,42,1,40.48556843607173
900,42,2,46.38225268597901
900,43,0,61.89727984335267
900,43,1,40.88381397135021
900,43,2,46.71444496199651
900,44,0,61.06980228770579
900,44,1,41.53492646566342
900,44,2,47.08217417696375
900,45,0,59.9516978584199
900,45,1,42.39266598921002
900,45,2,47.47345800402971
900,46,0,58.61594519520819
900,46,1,43.40140218796564
900,46,2,47.8766167660982
900,47,0,57.15024301932712
900,47,1,44.49585983347811
900,47,2,48.28023763854498
900,48,0,55.657054282783754
900,48,1,45.601948142053345
900,48,2,48.6731941750084
900,49,0,54.250629775941746
900,49,1,46.6393160471819
900,49,2,49.04465281598629
999,0,0,44.118441880674766
999,0,1,41.51515204975117
999,0,2,15.227161497877525
999,1,0,47.70487882381093
999,1,1,45.41889747253232
999,1,2,30.42540884601174
999,2,0,50.309742761323044
999,2,1,46.04323076566698
999,2,2,36.13293738249712
999,3,0,52.56814763387897
999,3,1,45.42093845935987
999,3,2,38.26612512756516
999,4,0,54.61833380737422
999,4,1,44.38056427218255
999,4,2,39.04758632022796
999,5,0,56.42366847702838
999,5,1,43.29179069420695
999,5,2,39.314783747829324
999,6,0,57.89632783216422
999,6,1,42.34341035327827
999,6,2,39.385774641118616
999,7,0,58.96088663116247
999,7,1,41.63676039945989
999,7,2,39.38792410523732
999,8,0,59.588868635296556
999,8,1,41.21383184802296
999,8,2,39.38525232621922
999,9,0,59.769074662307624
999,9,1,41.09453643721248
999,9,2,39.4194956815396
999,10,0,59.4976195819508
999,10,1,41.288722332360564
999,10,2,39.51871435948547
999,11,0,58.79457656715789
999,11,1,41.785372782009546
999,11,2,39.69096925728931
999,12,0,57.69247990462901
999,12,1,42.5627612390467
999,12,2,39.93341286381732
999,13,0,56.23119632858135
999,13,1,43.59344208509056
999,13,2,40.23890199399671
999,14,0,54.46034954805158
999,14,1,44.843248985240436
999,14,2,40.59862563480494
999,15,0,52.442833787979055
999,15,1,46.269061380723656
999,15,2,41.003053573264495
999,16,0,50.25609779531891
999,16,1,47.81789169927207
999,16,2,41.44228460637588
999,17,0,47.989661446129894
999,17,1,49.42833262480524
999,17,2,41.906194611696534
999,18,0,45.73916296078629
999,18,1,51.034311920822276
999,18,2,42.384506514757305
999,19,0,43.59861439719245
999,19,1,52.57015450854924
999,19,2,42.86686188362806
999,20,0,41.65329914705395
999,20,1,53.97542240601904
999,20,2,43.34287787914039
999,21,0,39.9754471531097
999,21,1,55.198065063939794
999,21,2,43.80221234085635
999,22,0,38.62388539457395
999,22,1,56.19503327729992
999,22,2,44.234617482992725
999,23,0,37.64759557742682
999,23,1,56.930292050435796
999,23,2,44.629969183106965
999,24,0,37.092362269217745
999,24,1,57.37066053812866
999,24,2,44.97829952508158
999,25,0,37.00449063023258
999,25,1,57.483407558484544
999,25,2,45.269145939436406
999,26,0,37.40029011347842
999,26,1,57.25746385444798
999,26,2,45.495049574150116
999,27,0,38.26179567067335
999,27,1,56.70720518943885
999,27,2,45.65825589514537
999,28,0,39.55721987254124
999,28,1,55.8570426275449
999,28,2,45.76582347573553
999,29,0,41.245224344620624
999,29,1,54.73735671543524
999,29,2,45.82659099047989
999,30,0,43.27128297631113
999,30,1,53.386244976359094
999,30,2,45.850041465028596
999,31,0,45.56363307065138
999,31,1,51.85193986023968
999,31,2,45.84586945443028
999,32,0,48.03273635607958
999,32,1,50.1933714959789
999,32,2,45.82383785400082
999,33,0,50.575745414574854
999,33,1,48.47787494701977
999,33,2,45.79374861063734
999,34,0,53.08529673211673
999,34,1,46.776311229642594
999,34,2,45.765419942729146
999,35,0,55.46005684058561
999,35,1,45.15701032105396
999,35,2,45.74867983156088
999,36,0,57.61364781584425
999,36,1,43.680346927244116
999,36,2,45.75335951271562
999,37,0,59.479404354827395
999,37,1,42.39556591376578
999,37,2,45.78928045888111
999,38,0,61.00994332077024
999,38,1,41.34062882783283
999,38,2,45.866225091163855
999,39,0,62.17218224098169
999,39,1,40.544897068998
999,39,2,45.99389772750781
999,40,0,62.939237927299594
999,40,1,40.034035104209465
999,40,2,46.181892039710036
999,41,0,63.28336628201892
999,41,1,39.83389588204859
999,41,2,46.43798905533727
999,42,0,63.190527857209354
999,42,1,39.95677782907845
999,42,2,46.7555727856638
999,43,0,62.677727455893404
999,43,1,40.38929740304797
999,43,2,47.12013556825025
999,44,0,61.78987218012487
999,44,1,41.09616141814972
999,44,2,47.51846820573427
999,45,0,60.58692401165639
999,45,1,42.029902121372125
999,45,2,47.93836707897103
999,46,0,59.143737931512604
999,46,1,43.132004043406226
999,46,2,48.36815576516275
999,47,0,57.55304934968596
999,47,1,44.33202217386202
999,47,2,48.79653208583211
999,48,0,55.9258604107009
999,48,1,45.548448976780946
999,48,2,49.212542072434715
999,49,0,54.38783447501534
999,49,1,46.69199127845795
999,49,2,49.605596237851294
